"A","B","Y","X"
1.69313598268976,3.1757991425693,1.66652636440142,0.891589937265962
0.760979495632152,3.19464479677845,-0.345861085123473,0.58543752762489
3.84642596733585,3.23879478382878,-0.820589775479672,0.363724582828581
4.06084876677225,4.4132355696056,-1.02431579385898,0.277115177828819
1.31497880909592,3.69343614857644,1.01212099206241,0.909530663629994
2.47265621677546,4.070110040484,-1.03610880520928,0.156650338321924
4.00451768289824,3.30723706225399,1.04388831386944,0.681127331452444
0.850404723692408,3.25950645224657,-0.202013457561421,0.509868866065517
3.02284825465671,3.65104892221279,-1.37032033953732,0.179630937287584
0.203559204625587,4.21174284454901,2.26699335504322,0.880578722339123
6.623384480395,3.48963863658719,0.30758832934563,0.613949517253786
2.5764042943559,3.12970859894995,-0.249583840280943,0.348883344558999
2.82055887086684,3.28521439468022,-0.522571945239773,0.37304355413653
1.34180713289728,3.88387818366755,-0.825123200457078,0.2661822673399
4.17552764203056,4.49038983788341,-1.07177433220197,0.235804724739864
3.79058431418988,3.73163749475498,0.747125207152923,0.540125197032467
6.16714763737528,4.3088881886797,1.02369455018893,0.842571733053774
3.71620031991009,3.50582955975551,-1.13563087612988,0.110169811872765
0.923038496014973,3.16095071635209,-0.612217425140151,0.399849827634171
0.377258333998422,4.27165651484393,2.28431706361799,0.799431278603151
2.05905588809401,3.96913653099909,0.309619023612421,0.639037683606148
4.8701774290891,3.62317479983903,-1.01938126127123,0.393889477709308
10.6387347722413,3.56164886872284,-1.44025819052432,0.0745589260477573
6.62180564027834,3.27551233407576,1.81519510044149,0.768741731764749
1.14997186542799,3.82500957499724,0.317481851238231,0.514885287499055
5.22836088485329,3.17513330059592,0.324498342251848,0.549053117400035
11.1311025037675,3.02096735173836,1.6724076683491,0.944152371957898
6.15186675113249,4.47480339277536,-1.18190875745661,0.4092522112187
1.47671095561236,3.20030893245712,1.06606876258944,0.921839777613059
3.28344934916401,4.37098019267432,-1.87415701759925,0.0959654129110277
5.13737452498881,4.17277767823543,0.514831276119499,0.668660730589181
0.390355054599543,3.67310641799122,-1.46070595399833,0.0610103416256607
3.89988533828064,3.70782164961565,0.467063253904576,0.874938426306471
0.847781867099305,4.25282795028761,-0.924132659689287,0.241237673908472
0.980674417435985,4.16144963353872,0.317246260478845,0.444872874533758
0.871195116390785,4.43269296549261,1.11072792516169,0.732285945676267
0.709431062762936,4.10629470075946,-0.385996115587889,0.460131528088823
3.36863056694346,3.18802508187946,-1.34318349580607,0.0693847893271595
0.207852252448599,4.21954617009033,0.864158659524593,0.872548416024074
1.18990521015978,3.54142068384681,-1.92286738512715,0.167390728136525
0.22439187237372,3.59726431046147,0.377104345034276,0.514118175720796
3.11946229063873,3.68397905607708,0.335910083084714,0.62496480345726
1.69105907746901,3.08440534514375,-0.609476376601353,0.38142150384374
0.383092192932963,3.87232796754688,-1.95162720530758,0.057464738143608
8.83910789422902,3.27833106718026,0.484996166603346,0.715741605963558
3.29796812172635,3.22389391204342,0.98054926823578,0.566291050752625
9.3819196268282,3.04274056549184,-2.00924084555835,0.00497782696038485
1.73627508804202,3.53250880271662,2.23244823431722,0.881926533067599
0.560062754830912,4.42367501591798,-1.38084606349494,0.0188650365453213
5.69682963164457,3.29904147097841,1.90216565930025,0.927121304906905
0.0131625573461254,4.23783685569651,2.12100064949678,0.971387438708916
0.39202591093878,3.29127698088996,0.0356697349945219,0.473792241653427
1.31647765326003,3.42221769550815,1.0840579766735,0.584985234774649
7.4769758955145,3.80028826149646,-0.206206780237944,0.358503420371562
4.1775339343737,3.35432271694299,-0.866594954346977,0.268285802099854
1.64084200747311,4.49184836063068,1.58304909716574,0.919337882427499
4.38874273857379,3.21081444213632,0.464999827634373,0.473613903857768
0.231382893398404,4.2996818292886,0.0586145553271077,0.543462244095281
0.523317803939184,3.94953485636506,-1.12956301198116,0.252487079473212
1.19052079463526,3.8367251859745,-0.459103332686027,0.447013380005956
0.046096369086729,4.02582198602613,0.0388913805564292,0.486171603901312
7.54659661981178,3.39546047779731,0.963238577195656,0.854540807195008
0.398446086543723,3.88685993256513,-0.500074639683034,0.638775740750134
0.163155420062443,3.0686936447164,-2.50139887414614,0.0232121061999351
3.54416798786227,3.39951006090268,-3.1367520650292,0.153541407780722
1.80108595639467,3.71700507053174,0.953875384065172,0.809818018926308
0.386410379841082,3.06823174911551,0.0829155597853749,0.340386707801372
3.45908309629464,4.4324490709696,1.9723275211747,0.96742580155842
2.08634278892229,3.03903501899913,-0.541624954379185,0.271259650122374
0.0863931669543187,3.78163578535896,0.918513553056759,0.696440908825025
1.23626026955392,4.12634553888347,1.33241175780579,0.663870901567861
0.491024848503006,4.46610970026813,-1.12613550565308,0.218955293064937
2.91083068856976,3.7444967685733,0.968723361867068,0.714778250548989
15.1705201085947,3.40993510570843,-0.203085026118253,0.393384405877441
2.64197975594742,3.44223228294868,0.724757110004257,0.555438369279727
0.244595191131036,4.46506819501519,-0.0018321188040431,0.610320325708017
9.97903704587237,4.18777615064755,1.23561407585367,0.896905026398599
7.15231193187547,3.35711549478583,1.46809774891326,0.810399811016396
12.9263103187533,4.38807735848241,0.351779017486415,0.704911582870409
6.76020502395241,3.37871676567011,-1.46022344793362,0.468090102775022
6.79036686789799,3.42751317482907,1.31046593610295,0.786626332905143
2.9451253574183,3.92309576261323,1.57843348375764,0.996875201817602
0.173939458715419,3.57894751767162,-1.19542536884935,0.328627861570567
3.72784542504582,4.21233663288876,-0.939556871720376,0.252695987699553
1.53613347404947,4.34867437079083,-0.64013154430279,0.227681561838835
3.3066741406759,3.96743737254292,0.0687115931015603,0.613204210065305
1.87308293301612,3.6685457326239,-1.8266378342871,0.072502184426412
10.2454221243025,3.7003789114533,-1.57038068358631,0.106237926520407
1.124490116102,4.11432057491038,-0.528824901569259,0.488435938488692
2.98848746021683,4.32988276483957,-0.163789260828425,0.386293701129034
0.262039125176733,3.05534961540252,1.5492980818453,0.990065384889022
3.18950752403243,3.21874508948531,0.147115799888082,0.478786949068308
5.5854348214647,3.90644914784934,-0.43141771994458,0.33991943160072
2.11709150578827,4.0671822053846,-0.473626537231757,0.198509699199349
0.148312788997558,3.55088205984794,-1.28757328547701,0.158975880360231
0.360286513225622,3.96078348706942,-1.81039023128275,0.136440284084529
0.479550779176255,4.36383291904349,1.70644055757041,0.934902814915404
0.562266390770674,4.27728662174195,2.03775929469382,0.983487596735358
7.21924539741271,3.56860682170372,0.895236238622741,0.636980570619926
0.421595070511103,4.46538986556698,-0.564613590511779,0.446151827927679
3.05842519893737,4.00385197112337,-1.47306634159665,0.26048343302682
2.20610414166003,4.36272003769409,-0.776669908408572,0.211867546895519
2.49386550534173,3.75330907444004,-1.87817179256927,0.014169201720506
0.0895264590561987,3.26761426823214,2.06728182668061,0.858874406199902
2.70079997585276,3.1950345095247,-1.59463290965245,0.121948074083775
7.0907540294722,3.67139828321524,1.76211924292156,0.883514653658494
8.64036700956734,4.27524626604281,-0.407452127933076,0.545960110845044
0.492239315062761,4.39815594814718,0.0728451737892942,0.641228826716542
1.71160944427053,4.38198961643502,-1.12041113407875,0.375906540779397
3.40989837719405,3.93875260907225,-0.957026673329931,0.314293837174773
2.2184911603108,3.53756043885369,1.90841255904338,0.8670530221425
6.6723549114844,3.14270505553577,2.46333641467915,0.928187337704003
3.55507842871948,3.5971905682236,1.55783743018406,0.905104793608189
3.74764392759307,4.15751528833061,-2.06983290104791,0.0908964336849749
4.75493208166766,4.26877795346081,-0.901553932600187,0.217452642740682
1.05739392650624,4.10796161089092,0.291655145813498,0.638303002808243
6.78230829508909,4.42890089470893,-0.380828470904791,0.546060485066846
2.96974517080589,4.38089717854746,-0.446744294798122,0.359967305092141
1.33287904466148,4.27745415782556,0.0620971006758054,0.475378059549257
2.35965320826475,3.32096326758619,0.786580111716964,0.933427580632269
3.15232544946891,4.05741355963983,0.0192495954382407,0.443742644041777
2.44650630576813,4.23398374649696,-3.0866451055619,0.0575418674852699
2.19728039732824,3.45148080540821,0.676086157554332,0.767565061338246
5.03842762665511,3.8104015920544,-0.949567285181287,0.0827893896494061
0.586989596486092,3.85356952634174,-0.4054502125081,0.455282226903364
2.54453397341971,3.42266091902275,0.535905203498815,0.300993437413126
3.60690291025643,4.2810513790464,0.555185697367758,0.92210974637419
0.919241578150631,3.45731396286283,2.3318891680626,0.92275734199211
2.44634393278166,4.08035287074745,0.92097036145732,0.801299158483744
0.706141688860953,3.1075048110215,-0.697234108237794,0.28557118633762
0.700357835739851,3.06902883178554,1.29803718487563,0.629080296726897
7.63075533591422,3.3786623129854,2.35021855897441,0.927323818206787
0.468129866253613,3.68599057488609,0.0112921079378659,0.589133480098099
1.20610000876089,3.60633809433784,-1.50827949794809,0.0444723139517009
2.65164134204903,3.0716431424953,1.80587371345373,0.825163110857829
0.598616800486923,3.44872610690072,-1.33437281579376,0.1916078615468
2.9203073834221,3.01129090972245,0.390710223757235,0.789832356618717
1.75796917901888,3.50244334037416,-0.883445718258938,0.16590820485726
0.779483357790045,4.26723072782625,-3.02978632736479,0.033074495382607
1.52466741616309,4.34152606863063,0.724299200066524,0.789249504450709
0.599461307639793,3.15974822617136,-1.45886151472982,0.147727494128048
7.96262022686712,4.07750703964848,-0.112046357741154,0.408131555421278
5.1069436744473,4.02025736693759,-1.36751809675376,0.228074789512902
11.3525686655801,3.60497172223404,0.362054227614032,0.660074069630355
3.13891234172785,3.57988997746725,-1.56223178923702,0.126841468736529
2.32508451663856,3.36680762248579,-1.41747706887304,0.0354693767149001
0.400435148427884,4.35763517359737,-0.0712262005507189,0.630740727763623
0.371797238575301,3.6659875838086,-1.33309498099997,0.279329478973523
0.450112512051352,3.52961094863713,0.68040990984392,0.960241513559595
1.09010214430125,4.1366446634056,-0.563940617197301,0.394911602139473
1.21841788912813,4.42506282159593,0.2965378688503,0.589292077114806
5.25203527718642,4.29810847551562,1.20491455310403,0.682429179782048
3.8121194608351,4.209698344348,-0.983596928848494,0.177531310357153
0.188910746783744,3.78987341781612,1.17101960324052,0.836643185699359
0.69672372900386,4.04480339004658,1.36112688355457,0.749821681296453
1.14370644817227,4.36553064454347,1.21861671540791,0.884665206074715
0.552587942220271,3.30227891542017,-0.388982192519371,0.365279571851715
0.64085751668894,3.2704542997526,-2.11087278275658,0.05409698584117
4.03836247226916,3.14042443572544,0.169497702773121,0.422931370558217
2.14139503911255,3.2474419780774,1.40729685043213,0.831641696859151
0.0390643457332691,3.9538399631856,0.748308971300598,0.697136661270633
0.107599774896647,3.07672002213076,1.46199675381082,0.929975232342258
0.327541327250902,3.51354670117144,-0.76349756506689,0.13604087755084
0.647457408097883,3.80395173188299,0.198195250580029,0.405901371035725
9.25537692947801,4.10475708462764,-0.821000076767011,0.150372071424499
2.29989841425171,4.35104883334134,-1.53852834930973,0.033050479600206
2.24186541357388,3.40814312186558,-0.170527525189757,0.414446682669222
0.859682303853333,3.02128676720895,-0.741447252731319,0.323644411750138
7.498821435697,3.40847006218974,0.393771575455476,0.429254590068012
1.47130072272072,4.14858087943867,0.934616568376823,0.759432079503313
1.320831963482,3.4360293620266,-1.52869086133837,0.341109333094209
3.19302254963323,3.50753898045514,-0.384513186129606,0.164314552210271
1.22488116570613,4.37720556242857,1.56608528895817,0.884042958496138
0.805869552617272,3.32018472987693,-2.33095827862154,0.0103643753100187
2.65436539570613,4.21997724752873,-1.77500947109203,0.0172024783678353
4.55808693529073,3.1623161266325,0.851998559018235,0.72927013784647
1.64949234419813,4.27596243296284,2.34197227946292,0.84349217149429
2.15827636886388,3.82003200449981,-0.178561606770952,0.599724623374641
4.43777179331486,3.92937523021828,-1.63058313728893,0.313928713556379
1.74686945353945,3.98853649478406,1.9322402435,0.909723188262433
2.36992097507367,3.4044970512623,-1.54557150703019,0.36742296256125
6.04926241533764,4.08495572442189,-0.736379999484781,0.338335874723271
5.48955540455191,3.00940501852892,0.298903508342103,0.435613709967583
3.4416119620483,3.56468391430099,-1.61181838917868,0.118827162310481
10.0934155031405,4.22669635503553,0.10989028378675,0.278991542290896
2.71736875472868,3.68292190250941,-0.783532134517833,0.436217419803143
5.03651844593319,3.09350920084398,2.5051019362028,0.93593720998615
2.77806241361702,3.72458009573165,-0.839997015195254,0.030422258656472
2.35771409221892,3.24733328365255,-2.87296919222684,0.0564170831348747
0.388002519806226,4.20582408411428,-1.05133605388932,0.245367557508871
5.78525766081421,4.12976524466649,-2.29153645286207,0.027480615535751
5.29151251511582,4.23216292017605,-1.92673004288969,0.0466562076471746
3.10159791557396,3.86561007122509,-1.0472022418998,0.49514912837185
1.544889768896,3.73835498630069,-1.35427041511268,0.104251033626497
0.0818041209463631,4.13072705338709,-0.545955050182377,0.326272422913462
10.853979835609,3.4116593641229,-0.0863775960282229,0.294762471225113
2.13394179785003,3.62417073233519,-0.481250163604943,0.522481898777187
3.48336823058105,3.10305749613326,1.04926403224097,0.544783564517274
0.172218281465272,3.52144203137141,-1.24730605543291,0.0906553734093904
0.767429644862811,4.19252271624282,2.25446171356958,0.744912176160142
10.7947803814228,3.61479611322284,-0.632008695351216,0.319023638498038
7.2879293618869,4.40641356096603,0.290312294005469,0.577570627909154
4.83801790987095,4.28500769357197,1.99574399169749,0.968904320849106
0.581684430269751,3.888389603002,0.51087509442982,0.711776503594592
4.15597350633049,3.97599098144565,-0.889162396889436,0.267600178252906
1.60234636161476,3.8198535743868,-1.95714070001533,0.142506069038063
6.78806988494404,3.57241996144876,-1.95853229525437,0.0983115022536367
5.23749300100912,3.67162201157771,-0.455535797030629,0.415955980541185
1.46720425070574,4.4380975960521,1.15976439616222,0.985802737530321
6.3187478976628,4.34887211071327,0.802608199267694,0.737117963377386
4.2769864789983,3.64760016684886,-1.33080306330561,0.297620109748095
3.76826698256934,3.51471231936011,-1.32044332397993,0.246555560501292
9.42958196480504,3.46614260785282,0.0932614126215938,0.490450901445001
2.97721479694947,3.81225501419976,-1.11584433669777,0.305027724942192
11.5982045412513,3.9316432698397,-0.694107686554677,0.44045781204477
1.16986962624218,3.7670659145806,-1.23273177146774,0.335591110866517
1.11619993733863,3.92349885776639,-1.5527775407322,0.458269718103111
0.289118129520343,4.03660330711864,0.795383605784939,0.645600234623998
0.0327150057347285,3.91601574921515,-0.241381631570163,0.214404771802947
0.49918485339731,4.28937586897518,-1.09007716824021,0.311732552479953
3.16754919462804,3.02149344433565,0.714349775959037,0.543382057454437
3.49226076141898,4.37634704110678,1.2317429368917,0.828952881041914
4.57999528983373,3.22375169629231,0.0693547724776143,0.385452317306772
0.516981142754609,4.16869540151674,-0.678939458501304,0.346274824580178
4.09293410354261,4.09223487228155,-1.07987886496652,0.298810209846124
9.35565285328643,4.26527077273931,-0.121076658298233,0.535561702912673
14.8576187706533,3.95822752418462,-0.394268852997778,0.301315708784387
0.825073447388907,3.77823406259995,-0.44739467678923,0.647729883901775
0.584616864868399,4.01133318117354,0.205018926282033,0.492061858065426
0.636488821780458,4.39205526479054,-1.9093499028541,0.388871174538508
1.9859895374005,3.70572864124551,1.96808996584357,0.831740030786023
3.26957843562865,4.08541435562074,-1.52472418645635,0.151594938943163
3.2612418164651,4.14729164598975,0.522616823463265,0.517267590854317
4.58615070815786,4.19792661443353,1.74512240437934,0.756010251818225
3.84997491710786,3.17784889577888,1.7628240035469,0.883053538156673
1.38175348906467,3.85901695908979,-0.747062975684008,0.280815961537883
3.46916017062457,3.02045295294374,-0.313951556755168,0.300137213664129
10.1776776457192,3.64973439183086,-0.839829817375032,0.309009562944993
0.00462753960841134,3.01130292518064,0.0214163836748952,0.518723583314568
6.67369029767124,4.25440425553825,-0.474350172035138,0.411952958675101
0.226978103940686,4.08534292154945,0.554958979184162,0.653718499699607
7.14119823057362,3.72300409222953,-0.749639555506925,0.472186913946643
3.5155576186717,3.88770220451988,-0.219546786440719,0.345980630256236
9.8376917088391,4.22967396886088,1.44204728249897,0.723895980743691
1.15009246150368,4.13520681776572,2.4004825169597,0.981780139962211
4.14582890133961,3.2475309757283,-2.26874309337326,0.111770843621343
5.6102630679489,4.48177608288825,-0.53573864765749,0.416445112787187
2.9086204569683,4.48261348216329,-1.1198755591815,0.144148179562762
6.11845472178666,3.88974419329315,1.12746456245169,0.892930234083906
0.224517104721348,4.23447828821372,-0.34289936989903,0.377977791475132
1.28748088425366,4.20497612818144,-0.284502991942763,0.515336161246523
7.28125785125009,4.32664006459527,0.104023471372417,0.601275385124609
3.52402019921347,4.07333317806479,-2.25409707287467,0.0148142350371927
0.819068388245554,3.32392773230094,0.19863381871903,0.670015232637525
1.8562486100321,3.44162673444953,-0.59430324567206,0.497469001915306
1.08854643534869,4.36647986818571,0.433878255389714,0.797188734868541
2.27350824667762,3.4005607230356,-0.278915840478089,0.439273732947186
3.40804868510346,3.02404256688897,2.96444999295773,0.880187164293602
13.1664032402521,3.29832376702689,0.111973279020731,0.57013962417841
2.8807121926741,4.04472496022936,-2.21905031415478,0.00182287045754492
5.32571120159634,4.40466833277605,0.318310617739896,0.364592335186899
1.27732493914664,3.88267667836044,0.288334869120542,0.688422937178984
7.2518162114691,3.60670788469724,0.206687353458498,0.389083212707192
2.11733048626532,4.22007553477306,-0.875641451758309,0.480856405803934
5.01921661227578,3.4960996764712,0.982665933030907,0.56573682744056
0.783477397635579,4.04471345501952,1.04772566853499,0.665319996653125
0.863933384728928,3.22902326832991,0.959798630842127,0.627161488635466
10.2624967966874,4.43521192611661,1.12679159822461,0.836266330908984
1.27820818374554,4.31145056057721,-1.773393149547,0.0552159852813929
0.70926172028385,4.2166769374162,1.57252708002391,0.71352083585225
2.27722932739804,4.14344195835292,-0.704885904474109,0.240954752312973
1.0628661684071,4.21166064147837,-1.10853717713044,0.125709734391421
3.31157590869471,3.62767247878946,1.54397858912219,0.881477998569608
1.67701624333858,3.93479379150085,-1.20518958645459,0.205020999768749
0.214980286600227,3.37694241246209,-1.74281975760897,0.0730503420345485
1.92338643285135,4.38618202437647,0.363189207377261,0.592152680270374
1.7609494053633,4.22918107558507,1.25929699672664,0.8320086018648
2.44992995310231,4.01362562470604,-1.2543952703115,0.378751587122679
4.67692752047939,4.1360427729087,0.896378918569254,0.593836240470409
0.147457338559131,3.86517504905351,1.29931865754478,0.687655125977471
7.6268230063986,3.04163520026486,1.6447084170331,0.829947494668886
4.03985190501714,3.46918058954179,-1.28724114489688,0.0276074481662363
3.42652319916491,3.39580060006119,-1.38102942841235,0.279885252239183
6.47079845862397,4.19101965730079,1.66642785589285,0.832113020354882
0.721476869657636,3.4865323692793,0.246646546319966,0.395444655558094
10.8410144094985,4.4726446493296,1.28948407206039,0.789872339693829
1.48036636256923,3.06635411863681,2.09728100044939,0.993183245882392
2.78507194467787,3.3700767456321,1.80840755646523,0.926297047873959
2.20458417354773,4.0458942692494,1.34804120949169,0.806378317764029
0.982620410310725,3.16436378017534,-1.20300827256669,0.144274664809927
2.54287662281001,3.44622179819271,0.167656989262481,0.573718935484067
0.41538185129563,3.61186797532719,0.295747578753365,0.462112608365715
6.13136498850393,3.74941342882812,2.19721193655891,0.882476831553504
7.21143858465266,3.03160112933256,2.35756611906852,0.842862682417035
1.29678638341526,3.51751089224126,0.432141254656135,0.460474198684096
0.0846708467361647,3.97086120850872,1.88453788523561,0.967841133475304
3.52027613966072,4.29747464717366,-0.90824240590411,0.33013334358111
2.91093836201732,3.73154623957817,0.437657578941658,0.654135907301679
3.90160843760432,3.70253749808762,1.53033602417206,0.759105685399845
3.04621937981153,3.83512387680821,-1.42244775659111,0.0229855312500149
9.99756986840185,3.90227229497395,0.137842128636919,0.733142749639228
1.75400902982801,4.43435660598334,-0.325461378397269,0.270439270883799
0.227843448519707,4.28547094669193,0.54721214161656,0.870659024221823
0.384116169686119,4.41185659042094,-1.57607952554265,0.00603315397165716
4.27348508796001,3.07076497119851,1.98224064897879,0.99468511948362
8.15726695540261,4.49351584597025,-1.32184876857762,0.205335202859715
0.420466768555343,3.84337223006878,-0.0462848206552028,0.372533723479137
3.4363167452157,3.04832174826879,1.22666388489195,0.716046123532578
4.47646141348684,3.66166953567881,1.06742322805018,0.71275156759657
3.35907059397205,4.12458738929126,-0.317999610467554,0.690431654918939
2.05407107714564,3.13840989663731,-0.550533664252711,0.401376507245004
0.124484350283941,4.15930413734168,0.643629867383275,0.68754448601976
2.16436856426299,4.41680362599436,-1.57719786386271,0.149809460621327
1.1103800435861,3.59055146668106,0.294268431333093,0.591681349789724
3.88984395487511,3.39814384630881,-1.36617639400008,0.14769410667941
0.9130934253335,4.33387412480079,1.50479305343709,0.747413798933849
0.114840839797953,3.16566543665249,0.804348360782009,0.938138928962871
4.31901998803918,3.20303930249065,-0.317201995022211,0.545150306308642
1.24789528571977,3.98264683771413,-1.651281030891,0.0437275764998049
8.6149213666653,3.97563593834639,0.0530855397967456,0.739217107649893
4.9933722063336,4.2205262684729,-1.34956684853493,0.332415214041248
5.95175850685323,3.60737425647676,-0.731212993947476,0.158546284306794
9.32889180635714,3.59785237011965,-1.62331130326465,0.284025482367724
1.56721933900068,3.81580644787755,0.729270425357015,0.622307940386236
8.86989463699572,4.13821347523481,0.853502282994133,0.683917499845847
10.9963167949877,4.38211980345659,0.736191062347374,0.636997004738078
12.5463082572273,3.31768210208975,-0.550482623409074,0.331769711105153
1.07932142137239,3.44763957511168,-0.981722763349052,0.329075516667217
0.164579161548447,3.67416416946799,1.90606932035337,0.955118313897401
0.537915661310156,4.11132708087098,0.544300876554504,0.526488994713873
1.98184673363964,3.18199210369494,-1.96903233748798,0.0707022270653397
0.956604027217335,3.50773216271773,0.747358513257893,0.649710949510336
9.04810688726815,3.50842663622461,1.41315927299223,0.80512357945554
10.1229694728416,3.21641856583301,-0.546821705463782,0.39936916413717
4.43227753029172,3.55585636734031,2.04432385234505,0.891822489676997
4.00345960617964,3.80193748965394,-1.92859445774697,0.104367109015584
2.64014837938949,3.76813099847641,-1.47726609224149,0.239464002195746
5.05485760020026,4.09975305071566,1.29896698189065,0.591309851268306
8.86636358333342,4.1747193436604,1.73185401042672,0.993679768405855
2.80428365006478,4.16440311761107,-0.751359514890311,0.39861889462918
4.0310516284065,4.24953302170616,-0.885784379630885,0.260341341374442
2.64828803668217,3.76658731279895,0.135956120956566,0.522110261721537
6.23942304429353,3.39525018946733,0.717254280494917,0.803262881701812
0.738652963191271,4.16956136876252,0.753290038668011,0.588791717076674
2.61661099255983,4.00571352650877,0.682256273386225,0.729881888488308
0.614754670049549,3.24227314651944,-0.825656595407642,0.255627719685435
1.88523989606575,3.59925267426297,0.93479271805311,0.549271046184003
0.146718197502196,3.15807677793782,-0.507352422527634,0.467910783598199
1.96030543340991,3.099316635984,1.81250696068444,0.99160751607269
1.70273472865423,3.8197041854728,0.721888371730963,0.674601041013375
3.69984492816942,4.47399819502607,0.128302765475487,0.506878108717501
0.970932093732178,3.48244765901472,-1.42238486094699,0.109068355057389
0.65575097074558,3.93504626560025,1.95434668276544,0.892649768386036
1.56851303763688,3.17341319541447,-0.425294985508193,0.441618126817048
0.600120566474895,3.64920287125278,0.22264250003251,0.581848601577803
6.18315235373187,3.90598673885688,-1.44128841247412,0.0585388813633472
6.60480592371829,4.39037958788686,-0.204277602808248,0.422618077835068
2.34943459997918,3.25620009494014,-0.232849974935118,0.365464624483138
3.53593474860891,3.00665075029247,-1.20168400707089,0.278432731516659
4.21974662366911,3.59631916356739,0.615809615324006,0.824838773114607
2.83514754441569,3.3509050172288,-1.78100071861268,0.207680735038593
4.1498266221176,3.89242358074989,2.26351592866521,0.990882600890473
2.78553495196772,3.16612549766432,-0.638983203303927,0.283529496286064
0.761680165910371,3.92902148666326,0.503945952522845,0.645317159825936
7.80495243105006,4.33365085080732,-0.289889071744468,0.35209827311337
3.45729197671914,4.42276782228146,-0.510428245231677,0.276741721667349
0.4087428251617,3.38933771126904,-1.87060714835607,0.0517731178551912
0.51136007171144,3.92999893182423,2.21842853902414,0.950117122381926
0.993384782535334,3.43031986732967,-0.886754319410953,0.133644927758723
10.8992151165368,4.24869699461851,0.647893499010366,0.467201506718993
2.11353519381733,3.37749399722088,3.15192099384116,0.987981325015426
0.907807905847828,3.51113212527707,-1.84608676200684,0.0108203440904617
1.12008829756329,4.33252283558249,-1.79407217304538,0.211296248948202
12.0532758713218,3.00308779673651,-0.00424079948611095,0.571521414909512
10.4788520954951,3.41314508020878,-0.954130582397929,0.433980754110962
3.41818794594113,3.99027320905589,1.94200331394692,0.873524043476209
4.82936955960401,3.6617545086192,0.0387397191826413,0.395068258745596
0.697911059625766,3.7156340010697,0.333617343298482,0.537868556100875
4.40062612902029,3.70200031273998,-1.58792578111699,0.161411559907719
8.72826939007716,3.99383953073993,-0.192980306787469,0.590298136696219
12.7926008727313,4.4490846778499,-2.07579139687082,0.125227016396821
3.32894935258631,4.14315178280231,-0.902726625386497,0.381752188317478
0.102553820858399,3.82975453685503,-0.894261661735471,0.0963873278815299
3.59005354330842,4.07266609102953,-0.142598901008296,0.421153636882082
0.782300022210318,3.98469173640478,-1.18976234558886,0.24023170163855
18.4853910891933,3.04673144978005,0.277907805654252,0.379345251945779
6.30716962711819,3.67876839428209,-1.21337610853427,0.162020319607109
2.48673462037241,3.09258726728149,2.58642252591001,0.99569070758298
11.3046801829697,4.42445500614122,-1.67933666305743,0.0566895687952638
3.77305296610677,3.22416638256982,1.18611301592811,0.745371706783772
0.282504692052801,3.03343710524496,-0.617523396188101,0.489063266431913
0.377934910356998,4.2808116733795,1.79068787125771,0.899147110758349
1.96487127803266,3.37699710822199,0.487233305451004,0.593852367252111
1.73691471728186,3.81864367634989,-1.19763131425442,0.174646311206743
2.369062906612,4.44309219054412,-1.02132774168714,0.424589593196288
1.20029600026707,3.59027359820902,-1.78424864745594,0.0996050452813506
1.86530180430661,3.73360586108174,0.655537573787263,0.62345679407008
0.0871425703043377,3.71236858062912,0.907462313342003,0.505476471735165
10.2249420767581,4.46307055733632,1.74256596419976,0.671888521872461
1.03028452955186,3.24760456953663,0.74356439678487,0.624982236884534
3.21414978244633,4.13592322950717,1.51170381800801,0.878182174172252
1.74881110671726,4.48973237886094,-1.83305052294736,0.278781542787328
4.57344740751632,3.66631748818327,1.69458632948762,0.975827324204147
1.87468784064371,3.51434520352632,-0.171814750930894,0.422505209688097
3.89521823250655,3.26827642286662,-1.32718052655407,0.403134654043242
0.561046492293097,4.47743696090765,-1.03606215356633,0.389418214326724
0.334212942527204,3.56489113275893,-1.02643079399108,0.280014094663784
1.04967401052515,3.85155258199666,0.568009824809455,0.527465370716527
6.79948950779248,4.10481443500612,-0.736796223602609,0.293168055126444
0.7661985559389,3.60025598912034,-1.35240958340141,0.162276493152604
4.38632605893815,4.05600502516609,1.74439443793596,0.840692693600431
0.107821585297233,3.12909486412536,0.336360039297109,0.832222935045138
6.0352525298477,3.51793881494086,0.5959356612143,0.701528642093763
2.70499369115535,4.02039161568973,0.466404360888243,0.680620505241677
21.5502663776444,3.34222244715784,-0.403493285645526,0.16823193570599
0.081722629134039,3.02644691546448,0.475819560086451,0.615928664105013
0.0168188750420936,3.25468121864833,-2.56214530481456,0.0983492291998118
10.1100577408435,3.80772002320737,-1.79195146387636,0.0493270282167941
4.69813423203238,3.09660082112532,1.80427383209489,0.870069312863052
2.20615520297239,3.66541676816996,-0.617821340045191,0.33345714234747
1.636023108537,3.43692681309767,0.151863297364215,0.3512052311562
1.93359808375438,4.00472757441457,0.842882464904532,0.545452232472599
2.47282028437543,3.7051701414166,-1.76071112393893,0.00902560539543629
0.372855770401657,3.91448804573156,-1.02332057650888,0.143399037886411
2.12910925814261,4.05443491484039,-0.132214802839409,0.460740683833137
0.489390681734762,3.31774048972875,-1.32159642023666,0.352307226741686
4.37357367933695,3.25592862290796,-0.606207919061437,0.168352161766961
1.41890287765682,3.22023255249951,-0.0883252652045315,0.50375330564566
3.15576684948339,3.59805901232176,-0.327612993762769,0.444378141080961
0.698643542515735,3.42648207955062,0.0340728325830534,0.571883689146489
9.94049092525754,3.94362498458941,2.39652651909923,0.949398452648893
1.42020859600355,3.20048702973872,-2.30350649158267,0.0442016951274127
1.62322490786513,3.76670147816185,2.27959541147123,0.888681447599083
0.868423609446901,3.96651725540869,1.12432572801193,0.660570565145463
8.60819876772873,4.48191275889985,-0.472975706225245,0.499812178313732
3.51701988514169,3.38729550491553,-0.578358030550331,0.391143634449691
6.57116434198427,4.04105184611399,0.176333973590291,0.448081016074866
0.20253934742262,3.75628840655554,0.0964560525484364,0.617403055075556
0.502407503916598,3.19443020119797,-1.36167354493325,0.278121998067945
2.24669109874715,3.78997698111925,1.19566842421542,0.91706296056509
1.09114877258738,3.13416562846396,0.770908052909471,0.823564124992117
8.0108352063369,3.86602657148615,-2.29670540223154,0.0822702173609287
5.73114019480157,4.35329623112921,0.234135849852428,0.400629903655499
6.32081316756018,3.67044382123277,-1.41410449279756,0.120519307209179
4.50654728324119,3.34078975848388,1.75073588342036,0.924990149447694
1.26338596455753,3.32636298285797,0.240965677594142,0.517844646703452
1.54587002315869,4.39153076754883,0.284915694010137,0.469098333735019
2.71690012562676,3.85420673398767,-1.91104169379869,0.0490487734787166
4.06393275582198,3.23434996779542,1.80042033079756,0.88523339969106
0.863165459595621,3.35894004860893,0.289633702712828,0.517572965007275
1.10750264983844,3.17801206104923,0.0385061210681458,0.277820847462863
0.929802316240966,4.03007068682928,0.010010609070361,0.553136568982154
7.21066895209464,3.39638966100756,1.52547808635106,0.910317856818438
0.857700573590895,4.49415410659276,0.820564947949566,0.544107786379755
3.44132658335391,4.11709522025194,-1.57878300950483,0.307534941704944
0.430986443534493,4.34878504334483,-1.59266220492325,0.153390302322805
4.11224244769319,3.01081776490901,-2.25767278181852,0.056149068986997
0.202915084858735,3.17216357134748,1.07049733307445,0.814598066732287
3.03261446131671,3.68622749391943,-0.638494520185166,0.325402484508231
2.14374504672984,3.04807227803394,2.26762262362328,0.844253899063915
3.50768026260936,3.8920433758758,2.37240163691871,0.883727357257158
2.4103600882457,3.12208832544275,1.08921181703866,0.625863643363118
3.6140818830421,3.39492789760698,-1.68684166368121,0.169491723412648
0.393545961317917,4.17016947374213,0.448002858212877,0.491410916671157
4.01872531496887,3.30660877330229,0.250335191536072,0.44252713653259
1.36618400147806,4.4438707572408,0.0702708373675845,0.46628471207805
3.60903527573649,4.38239783362951,-0.782017718228946,0.339726291596889
2.11139529012144,4.21536978066433,0.153335711674038,0.625970612512901
0.450561183194319,3.95772087934893,-1.32304629253087,0.122252269415185
0.818959486981233,3.15745121799409,0.812364980738009,0.689482663292438
2.28806447858612,3.7027915713843,0.957209832891688,0.54861270240508
0.190706568970645,3.11091935844161,0.839901178614249,0.68017517728731
3.53202545690938,3.52716961596161,0.705493823594382,0.762032197555527
3.78940839624117,3.97659663332161,0.825190314563086,0.807569353608415
3.08733942904476,3.26324270444456,-1.04647003741161,0.100757997715846
0.889252126423961,3.65348891622853,0.976469590427533,0.607874537119642
0.126945776864886,3.26734656107146,-1.5065738574409,0.230901697650552
2.81522221538826,3.807018168387,-0.694044909401303,0.451950922608376
2.20982794339458,3.92296752997208,0.2609392683267,0.737784715136513
13.3446839631053,3.46540661004838,0.706970362816955,0.700565301347524
8.46676144086035,4.01112979883328,1.25680833345505,0.837686212034896
4.63168402694262,3.13794011052232,0.237946516181256,0.602220099186525
4.80966764784662,3.07195928867441,1.33510987978598,0.642515542684123
0.32906620297581,3.70696842949837,0.105104358873011,0.28499536565505
1.83825001741449,4.2427729095798,-0.240111546098399,0.420421450398862
1.02862914248059,3.78597431955859,1.26893873648884,0.882839979603887
2.80238113189094,3.51576812413987,-0.338770077530403,0.397328432183713
6.77016980297176,4.02506907319184,0.834374794244612,0.543902746634558
4.43065119380282,3.61871693318244,-1.72156844223854,0.121776540763676
1.60365745114783,3.63089613255579,1.71158398479857,0.798612618120387
3.70243852012758,3.99947556259576,1.24432428604655,0.853998067323118
1.56231361392655,3.53562518348917,-0.578398528858843,0.548882967093959
4.85923317095292,3.2429525553016,1.84924925572204,0.835087997140363
5.43604040490397,3.85896404727828,-1.16991126811929,0.338742565596476
1.26487643966806,3.08446358260699,-2.04426112243982,0.194454193580896
0.112419536647697,3.61496077186894,-0.45316508922341,0.128728583920747
5.30884086305436,3.65098512161057,-0.554854970354996,0.653336298419163
1.98831819463521,4.40639686351642,0.18873922475836,0.610448332270607
19.4431252766374,3.12124487792607,0.114471158291277,0.790521861519665
6.38022374954629,3.5777970260242,1.32346417297388,0.938270526006818
