"V1","V2","V3","V4","V5","V6","V7","V8","V9","V10","V11"
-10,-8,-6,-4,-2,0,2,4,6,8,10
335.260433404603,167.309955164751,36.4221159436207,-57.0239489364373,-112.885586560532,-131.660661369528,-113.077456854125,-56.8642565050253,36.4810752369082,167.101191286566,335.375226966299
106.044314281327,61.9441264278935,22.6858268447565,-4.49189646637922,-16.865425096601,-23.9402974172752,-20.5287323914712,-1.4429489822586,23.8115144389964,57.9582762812063,108.236024546076
-138.259258392591,-69.1393090929065,-14.4816238307373,24.4031584601225,47.0218986463553,55.0956722423704,47.6851781199252,23.8511151507769,-14.6854411506649,-68.4176299177181,-138.656090084177
139.51863424742,66.7613264474165,11.1524360770932,-28.7389792894329,-53.4513240055905,-61.1055451085714,-52.7271621373014,-29.341694630706,10.9299103740226,67.5492485234561,139.085377391711
416.999043479899,207.592548779577,45.2788773395312,-70.7566946449884,-140.820713989134,-163.843319913396,-140.408403960501,-71.0998576731729,45.1521797280961,208.041161428155,416.752363622252
-190.350758049758,-104.671049022792,-34.6128688610987,14.8330579541433,41.7889285576162,52.8083508746203,44.3146013583059,12.7309564618229,-35.3889758895281,-101.922998561065,-191.861836033967
331.036043723399,177.06454213683,52.2206693620139,-36.0669361152814,-85.0031853883044,-104.343051755649,-88.7626215664435,-32.9379811698144,53.3758961356438,172.974099256682,333.28526667907
18.5236623053957,16.9582172197048,13.7482681884783,11.8026041072593,12.2156817314264,11.1678027324594,10.743621106936,13.0277908514339,14.2006136374332,15.3565462203121,19.404377495614
-375.722684182254,-182.054944995169,-34.0999018726137,72.0484427999424,137.859754106227,158.204841480956,135.883032695982,73.6936555231595,-33.4924806027963,-184.205710598158,-374.540036848395
207.612163987964,96.8206608216667,15.6782816119778,-43.1567877738616,-82.4469678355454,-92.5512993359933,-78.7314711510935,-46.2491721567337,14.536556884166,100.863295471912,205.389229473745
409.11762592008,207.916693867421,51.8230531897018,-59.7413996428232,-126.994181038584,-149.176149937304,-126.701618232008,-59.9848978157194,51.7331523718369,208.235015922232,408.942589305719
-462.232744335914,-235.931021456541,-56.4430392627814,71.1570783503167,144.960148773086,171.629296507384,147.528027796941,69.0198488854909,-57.2321157251109,-233.137048644531,-463.769073767818
-25.646281643957,-13.6774579032129,-1.44925064087202,6.77654904491213,9.39640572242367,12.0067228842158,11.5531847430695,4.98147551176608,-2.11200131714143,-11.3307811753689,-26.9366551610698
40.4553036160866,17.6124297080335,1.32701108544987,-10.5635288818721,-18.8728781881282,-20.7612328336689,-17.7784557260343,-11.4744097727651,0.990709025788723,18.8032126754311,39.8005245459543
14.6669118713338,7.80791220285296,3.74112922262501,0.615346160695102,-2.26597316081167,-2.47188931801392,-1.32912163520868,-0.164389436692998,3.45324670141453,8.82725060123898,14.1064054928255
-206.579504588683,-103.587090148279,-22.8289922473891,34.7416030287556,68.7660512451073,80.4960359810783,69.2484333478551,34.3401194566246,-22.9772221132011,-103.062235796669,-206.868107679012
319.51223711195,164.024938240882,44.3285068060574,-41.3846793923176,-93.7947537014128,-110.528023239724,-92.879964227227,-42.1460528838956,44.0474036717738,165.020272092611,318.964930178823
21.9245284990905,7.06633496872168,-3.76916924690298,-11.6344207871288,-16.9254079587402,-18.2601155600359,-16.3927977927275,-12.077708858527,-3.93283355573292,7.64583980887029,21.6058745959373
-188.900845443285,-98.1351346556369,-26.6709815953953,24.2234952611305,54.0711554672263,64.5372384741793,54.7129164692104,23.6893616395405,-26.8681865635431,-97.4368685867547,-189.284802906404
110.944654107777,60.4104560286862,21.9778263024809,-5.62594705494062,-22.8797328369739,-28.1122595925314,-22.2356471829809,-6.16201546968983,21.7799069984293,61.1112514279807,110.559305834863
121.565110479891,56.0465464831822,8.09626696137936,-26.6781582100556,-49.9294185163216,-55.8895608307601,-47.7065265621944,-28.5282571194479,7.41320062413796,58.4651571833642,120.235182433693
143.238874099596,67.8684743257489,11.4519842725337,-29.2297006811282,-55.3877962422986,-62.7951106201589,-53.7586930901017,-30.5855929275196,10.951381658406,69.6410149606132,142.264202358024
113.776351493055,48.4938820821023,-4.4494494483027,-41.8883443665419,-62.631831892674,-70.8364482033024,-64.233705316594,-40.5551152507154,-3.95721418227017,46.750968668683,114.734732033762
-260.143306852883,-125.727859874293,-22.2619293122285,51.830386741736,97.1420348888926,111.603607516078,96.3445128854891,52.4941592593222,-22.0168609755859,-126.595601217943,-259.666159559324
245.472338799829,122.649441231765,25.6759730417316,-43.3390888477055,-83.6022237917948,-97.8828509251976,-84.6695208687408,-42.4507842432512,26.0039398166099,121.488171955594,246.110889096266
148.926004517209,72.5824717397056,10.8303971546947,-32.8646165666607,-57.1986067130335,-66.7224558701748,-58.9524559662961,-31.4048989296091,11.3693326541351,70.6742014962639,149.97531026794
95.6787534962165,48.9497406283482,17.0430944158309,-6.52067842875931,-24.1795427954547,-27.4249026436314,-20.9004437347835,-9.24985183040537,16.035469110127,52.5175541967813,93.7169101421336
-110.554444672843,-54.3685284253013,-10.4230759936691,20.9237921004865,39.5373299412037,45.8878062233799,39.7185652035594,20.7729511382863,-10.478767277542,-54.1713359598872,-110.662875430316
-191.440839571288,-97.3927199632282,-23.5985560956947,28.9990656309903,60.0454890040848,70.7784785458993,60.5225068884764,28.6020466638584,-23.745137605644,-96.8737021327729,-191.72623331785
165.163321360995,86.5282989852485,26.2838827611999,-16.9074762188055,-43.5490421964163,-51.8844026197587,-42.8721443014519,-17.4708540541152,26.0758806741253,87.2647956416208,164.758341940716
-32.921001822241,-19.7780816827986,-8.76270175709073,-1.03276619315259,2.97605364804522,4.78426843182203,3.56203811253081,-1.52047735547549,-8.94276730687751,-19.1405031026459,-33.2715888908158
25.3952212227199,11.4065010416514,-3.98140670350607,-14.1873220668849,-16.7350196815803,-20.2666261994904,-20.0655796530657,-11.4153180747566,-2.95796811646123,7.78269558872512,27.3878529866702
228.722797737383,115.103791760209,29.3885096841839,-32.2993144089359,-71.4181587972981,-82.8778753194108,-69.4564838070489,-33.9320040919877,28.785711987265,117.238186152562,227.549152485658
10.6540364130801,3.84114581312131,-0.326422200212554,-3.50038479459573,-6.30221471248303,-6.5629469546545,-5.46632462466904,-4.19609082608554,-0.583280559684043,4.75063343208063,10.1539339815342
79.183768981274,45.1199513230713,20.0828866583579,1.94539550778729,-10.0928916414093,-13.2386528282702,-9.01638273505041,1.04942395599515,19.7520892058281,46.2912435016797,78.5397073642033
164.428051974807,81.9222329287738,17.8868449766738,-27.876380736573,-55.4420445672028,-64.5497882556293,-55.3417059778079,-27.9598919096936,17.8560122082998,82.031406019936,164.368020670135
214.50695492551,103.438237658968,16.7078039755024,-45.182626863578,-82.0442786855908,-94.5359879659993,-82.2981854473542,-44.9713018722065,16.7858262839806,103.16197519389,214.658864118829
172.114642065444,87.5877342085666,17.456052927512,-31.8733381662314,-57.9897264690517,-69.3065964400721,-61.232170798899,-29.174672265139,18.4524147020848,84.0598027063843,174.054555359248
-26.9171156652077,-14.5263272500132,-2.40074648994142,5.8268157657025,8.78948329529754,11.2577093793069,10.6279521562303,4.2966697645673,-2.96568451521884,-12.5259869047492,-28.0170482533287
-445.414879221345,-224.174242965888,-53.4928213872258,68.6654828477116,143.066768813422,167.037319764168,142.036354156575,69.5230904472685,-53.1761881094882,-225.295382439197,-444.798395208791
-122.955372334431,-66.0394343774509,-21.2541851040907,10.6451436365875,29.374389387711,35.9252906133275,29.7565921213188,10.3270387195664,-21.3716311278817,-65.6235798778984,-123.184039379546
33.9101439019431,14.7743511667701,-0.760012138645358,-11.7425597073969,-17.815700545031,-20.2274416806931,-18.2966657545019,-11.3422554065758,-0.612217666060276,14.2510384614981,34.1978992830058
40.2764580977557,27.448033032114,12.0988421914389,2.07108076470817,0.315441913162283,-3.46611280151954,-3.65328430308169,5.37422648473145,13.3183811235991,23.1298727747617,42.6508966271971
-106.170488508766,-56.388570265732,-18.3111102669898,8.99890574692161,25.8940374229822,31.1438373381617,25.4198394507433,9.39357771901019,-18.1653952800678,-56.9045198995108,-105.886781879858
178.957403680459,93.9611261832004,23.4515444938687,-26.14553904205,-52.4123612116534,-63.7870133855664,-55.6642887159288,-23.4389803548802,24.4508203269544,90.4228765424774,180.902990637175
50.0946068673615,26.5725108635306,12.5685319003178,1.81801946562544,-8.03615489478209,-8.76751756967634,-4.86578204332427,-0.820661799992799,11.5943167715465,30.022025217058,48.1978130244441
-187.365996827381,-97.3301669792281,-27.0082679519783,23.1704272713188,53.0444010511675,63.1773564800628,53.2616446801132,22.9896167734273,-27.0750241474998,-97.0937957221641,-187.495970933615
-77.4733402081257,-40.9171848111059,-11.9817491970137,8.59879790302938,20.548219210823,24.8305939964077,20.9197624611676,8.28956480648669,-12.0959196975944,-40.5129283292759,-77.6956298196795
-141.902457495951,-74.3056861007289,-17.1343945331801,22.9014211039813,43.2770672606561,52.8038265078078,46.6728176598766,20.0751595313026,-18.1778653069507,-70.6109504049822,-143.934091865506
6.81124462205449,2.17255203742328,1.00096469090817,-0.260386855576818,-2.9498052167303,-2.39656015556711,-1.14976828236156,-1.75854620738795,0.447836306338875,4.13107664412031,5.73430536787038
29.3468352688239,11.4542189219836,2.73875297249981,-4.39281553418607,-12.7975131097422,-12.5042017100859,-8.95476993118874,-7.59110636902231,1.55792702049602,15.6353037256981,27.0477707920254
345.671286088072,184.230991270391,56.2977648148995,-34.6704095434287,-87.3724357833154,-106.349191626332,-89.122429295798,-33.2139010150333,56.8355154943908,182.326916253753,346.718284998026
-123.990163581649,-66.5522115916891,-22.5144796324496,9.0519013911765,28.4964264382629,34.5993439704874,28.026350516869,9.44314260642654,-22.3700312991621,-67.0636762408233,-123.70892312345
-483.843720006613,-243.610202960765,-53.8719678374177,81.15179293645,159.873572044298,187.833834208651,162.008793011491,79.3746620347972,-54.5280939989045,-241.286982406155,-485.121195613931
-6.18490912193379,-0.190787509702993,2.22191905774675,4.3372190631688,7.39074884792019,7.07008762009074,5.72879957915049,5.7204489245695,2.73261486443757,-1.99906625988824,-5.19058596565459
-51.1898359133158,-27.2322144863864,-6.67786397194346,7.66915768807378,14.7537996573089,18.2582320135932,16.1728587342472,6.48808379659101,-7.11392272154381,-25.6882116565138,-52.0388409502581
-5.11412650126007,-8.54383224352715,-10.6954999279729,-12.32229366324,-13.7075979011448,-13.8623894467444,-13.3264415959171,-12.6395276445409,-10.8126243976732,-8.12911630713009,-5.34216748155437
-109.400159502065,-54.9654700196096,-15.5470051383788,13.1177632371782,32.6326478403655,37.400277384875,30.4754958449565,14.9131471948598,-14.8841398517232,-57.3125525614885,-108.109562838885
-71.6262026543466,-33.2016295730529,-5.3952508088695,14.8287674565,28.6126837196179,31.969969642461,27.0763290418146,16.1074657344645,-4.9231486176126,-34.8732555178545,-70.7070211479649
-73.9396427687724,-38.7242420700178,-12.7606177789371,6.03332039459471,18.4409767694083,21.7282385973411,17.3872863013847,6.91030030453048,-12.4368321413839,-39.870706717528,-73.3092331337767
75.8286416915284,36.6642663942897,6.51600128318974,-15.0729968916369,-28.2746193189011,-32.4889587999127,-28.0434231118744,-15.2654200319886,6.44495763843471,36.9158187106846,75.6903199348958
-81.4517857364015,-45.8808345768243,-16.5335610602954,4.13587994015387,15.2040916171275,19.893766164208,16.4460740657424,3.10218580607757,-16.9152064212039,-44.5294994234981,-82.1948480738363
-33.7144164813182,-25.6814573726632,-17.829759109747,-12.5008599191534,-10.5757836297299,-8.97972145629776,-9.39079346788832,-13.4871197335331,-18.1938914680532,-24.3921325002963,-34.4233810568461
-380.016103793472,-194.5171132845,-46.769252415701,58.1601624240629,118.36451000768,140.497975508325,120.928943933878,56.0258002922199,-47.5572702434741,-191.726888900316,-381.550372067169
-184.506121005882,-92.0288086294719,-21.8255924005824,28.619882706392,60.2544168394178,69.7736392000521,58.9809565494298,29.6797756486858,-21.4342743006228,-93.4143931505294,-183.744225875428
166.422598673852,83.0104864183811,15.2230580981581,-32.6892552851181,-59.1271926333983,-69.6722398419142,-61.2782226116486,-30.8989666435843,15.8840421670472,80.6700649182948,167.709532611858
45.8416619612885,26.2034090070713,12.109602672151,1.8369244022484,-5.26303918055118,-6.9272991699804,-4.3909135370935,1.11105974705529,11.8416095887333,27.1523226100259,45.3198802566539
98.776833996157,44.222512207794,0.902798941951966,-29.8850263428043,-47.652851130226,-54.10420783791,-48.3093697290282,-29.3386100667525,1.10453873132051,43.5081891814394,99.1696207421689
-49.4356508287712,-20.2186958368969,2.43758822755281,18.6324992239232,28.4033988229501,31.6198932831186,28.3531468197668,18.674323648233,2.45303002700228,-20.2733723731897,-49.4055856929975
-199.084070372885,-99.2599191021731,-18.2427974632371,39.0383136330721,70.7288428690223,83.3013191295154,73.2232688924597,36.9622186357633,-19.0093027556718,-96.5458665995777,-200.576453806806
74.8469935635994,45.3600077625887,21.9873235335222,5.36893020451043,-4.25437075391225,-7.72298621025391,-4.57825231556461,5.63849477910558,22.0868482052486,45.0076094333988,75.0407677916667
-176.20220151375,-87.0431011278842,-18.4325031218845,30.7031991403073,60.7679593582028,70.351962787417,60.224635620425,31.1554040497017,-18.2655466691378,-87.6342628365819,-175.877137816572
306.558730015965,148.337061710846,26.594287300103,-60.5945795697265,-113.953831514646,-130.955658019425,-112.979647166668,-61.4053870389767,26.2949328788787,149.397019970894,305.975887883608
-103.568938092407,-53.5252937507964,-8.97662538013849,21.8635947193179,35.9049771907197,43.933105843422,40.0615968691236,18.4040664595231,-10.2539015760243,-49.0026965943718,-106.055790895768
219.63620057785,103.835133230591,14.9738083925664,-48.7087324743103,-87.8750651145009,-100.212773389859,-86.9838908772618,-49.450451153589,14.6999619193068,104.804772596963,219.103022341295
-170.380344345893,-88.2415219170272,-26.826340694625,17.4721232073986,46.0110058188566,54.053847522522,44.1856376608665,18.9913655763616,-26.2654283482195,-90.227608083064,-169.288249742086
-269.47417341683,-137.4621607193,-32.6434238909836,41.8537490955532,84.8523130757105,100.460203265496,86.4354563397455,40.536108973295,-33.1299036178479,-135.739626598284,-270.421347940576
25.9556522100387,8.67543035969261,-3.64056212714545,-12.6335791523751,-18.9211565650147,-20.3480692831179,-18.0905616574643,-13.3248780388336,-3.8957933452793,9.57915657418014,25.4587178176451
16.8504949739943,12.346609655903,6.94431338612233,3.41646395539825,2.80637287576077,1.47284078593493,1.40310336475483,4.5843962910546,7.37552020355925,10.8197866142988,17.6900533140192
117.161475658405,53.4248212402517,2.99370763150434,-32.8789887139377,-53.721862290943,-61.1801373727934,-54.3559097111466,-32.3512750576606,3.18854231438295,52.7349479101153,117.540818183436
231.72289123424,120.806705946243,34.2507836176673,-27.5247320976848,-64.361758548702,-76.8120105795314,-64.5743820671489,-27.3477668885304,34.3161201121772,120.575361586085,231.850101186995
60.1733248253115,29.6425097840521,9.5189892664093,-5.48617553509356,-17.3629931822653,-19.1662533322323,-14.6864020498685,-7.71388540004771,8.69650696010354,32.5547664687765,58.5719543184945
383.42479706492,192.000588726791,41.0087450363204,-66.4755572572698,-129.295256542418,-151.48854462703,-130.851521630206,-65.1802876710464,41.4869654425432,190.307299322124,384.355890716919
41.9152570971995,22.162530035921,6.81323738718044,-4.15297192619758,-10.7437551714448,-12.9323881763157,-10.7334560330571,-4.16154383391605,6.81007259335309,22.1737359815186,41.9090952534049
-197.888873489131,-96.2401955810614,-17.003289288538,39.5636908205414,73.3636118771672,84.7354715215636,73.4942570315877,39.4549556850968,-17.0434348776849,-96.0980475257672,-197.967036827048
244.787442438622,121.629590090547,28.5773558519791,-38.365462448036,-80.7024701307924,-93.1860238295912,-78.6800985958972,-40.0486694811753,27.9559068812734,123.830025170155,243.577483214515
138.591682543847,66.2734553144863,14.8423604117499,-22.7333584097537,-49.0994597118552,-55.0221391376167,-45.5408750700773,-25.695145892276,13.748852752725,70.1453623030951,136.462626513443
-150.175601610919,-81.3301353688719,-22.1482293561959,19.1426309014092,39.4467834508963,49.5682136755247,43.6104948496518,15.6772002476345,-23.4276847472676,-76.7998220881017,-152.666697300567
-244.272343996898,-128.056639791188,-35.3481241680154,30.4682596554549,68.1188977788554,82.0487542105919,69.8319274297039,29.0425159152308,-35.8745163244216,-126.192783189621,-245.297227897531
-37.5431004892387,-16.9186535332067,-5.16898538534163,3.97140675714306,12.8599720301603,13.2691176304616,9.68916785707382,6.61044700902389,-4.19463771693671,-20.3686371848951,-35.6460485920646
71.5592050884095,41.3892078411111,17.4591328254702,0.447161335642475,-9.39153510324099,-12.9475154312563,-9.73474460219161,0.732812430164935,17.5645967257373,41.0157798096564,71.7645429760781
205.608245573874,108.455341980692,28.4366220124031,-27.9432967508668,-58.2369961885967,-70.9860644980393,-61.5288099849651,-25.2035409551449,29.4481543941687,104.873694183497,207.577695992966
203.022995755692,100.05687946075,18.9870094503387,-38.7483923833357,-72.6081827252418,-84.4809736249247,-73.3360285376494,-38.1426109186807,19.2106671824362,99.2649490807322,203.458456668415
-264.070951829304,-135.160479946442,-35.8266822733522,35.2880585788421,78.6945577898716,92.6100497286495,78.0075037708087,35.8598892919822,-35.6155593389168,-135.908026942158,-263.659896128864
431.990233156258,214.560233595166,47.6218928467954,-71.9985608065777,-145.495286178545,-168.70062072616,-143.889124801918,-73.3353587583124,47.128339947603,216.307812502236,431.029287187863
-17.0508239329647,-5.3108982283171,4.95981797522313,12.0974665416457,15.4760065850898,17.280346109966,16.3180408937711,11.3966467140019,4.70107157506876,-4.3947254088889,-17.5546023738814
93.2273251647016,52.3390745080655,17.2297446648285,-7.27206711548685,-19.3495597281877,-25.3434424875033,-21.7931842529634,-5.23825388409796,17.9806393048638,49.6802964186148,94.6893147066777
-29.3207893737131,-9.97584775723905,3.08136301189006,12.7544844628033,20.1360366101436,21.4130804288658,18.6665809307663,13.9775031276415,3.53290799444634,-11.5746844541764,-28.4416326890975
94.4130601327085,48.9195659670907,13.1040265710558,-12.4032793921288,-27.3652041728133,-32.6094030058873,-27.6841714254985,-12.1378049657947,13.2020411383347,48.5725146365392,94.6038941920865
-174.712874942061,-92.9261704306653,-29.0606909665675,16.5133211627157,43.6565591228794,52.855209398251,43.8439288882857,16.3573744924388,-29.1182673049623,-92.7223033382225,-174.824975894859
-317.489216733053,-157.881214278419,-37.9423631236591,48.4601848809314,103.63396642096,119.525585162858,100.530295236368,51.0433507712321,-36.9886445661177,-161.258154090074,-315.632329650933
-150.523559698288,-87.8997333510558,-36.7077271860767,-0.574928009567352,19.1338287995568,27.1818738981985,20.9695526966771,-2.10278939468855,-37.2718217189955,-85.9023796551591,-151.621850009396
-146.54740354997,-70.7709003658844,-11.7835156595069,30.3416002526178,55.5769239368631,64.0185132894431,55.6139433647149,30.3107892170352,-11.7948912573818,-70.7306214921628,-146.569551803853
-101.610560399615,-53.8291227880345,-13.4387709555813,14.849198984749,29.2621214863586,35.986670981189,31.6463830286389,12.8647931881071,-14.1714241084649,-51.234934407675,-103.037033822519
71.9490119727476,36.5387456057738,10.9697827919532,-7.63742950385888,-20.3663477939629,-23.4356650429539,-18.9090826601258,-8.85030205477244,10.5219838085111,38.1243184174243,71.0771487368227
370.569626013742,183.203730247179,36.9335518745025,-67.4508561222789,-129.652229536543,-150.708032468707,-130.052054318554,-67.1180844858655,37.0564129289406,182.768702132487,370.808836106781
-167.031627459118,-89.9264824825232,-28.3227610405772,15.395350468487,40.330781475669,49.6143445380997,41.5373547418354,14.391127172932,-28.6935256114792,-88.6136741803989,-167.75350493206
75.2238015736846,38.5895196915319,16.2500892897412,-0.778915378967767,-15.8779615143191,-17.2490819065994,-11.3311828201029,-4.56317051912379,14.8529222060514,43.5366281556985,72.5035215825373
-285.621468996707,-147.644952560847,-41.7811273804635,34.0887583122148,80.7619030312369,95.4560517293874,79.6896591653497,34.9811800978069,-41.4516405204561,-148.811604175391,-284.979959099225
111.524423274122,54.3201523342472,10.1890878191752,-21.3960280079565,-40.6335803901672,-46.8311968079944,-40.3667492857917,-21.618109847913,10.1070940251046,54.6104770902416,111.364781610636
-134.303948511205,-72.2868042883576,-23.9465737077777,10.5639238064254,31.1871886359996,38.1238967735308,31.2645264783,10.499556009588,-23.9703386400193,-72.202657088774,-134.350218760785
-6.51537572213611,-6.55605395321583,-11.0250619888363,-13.4440338646699,-11.3754288556628,-13.3263626495145,-14.6539574081255,-10.7153352933962,-10.017611993026,-10.1232467819612,-4.55387369587422
133.345191026122,67.7446760902809,15.7910363914233,-21.1564838656622,-42.5864573978134,-50.2837861018428,-43.2743347051017,-20.583967934941,16.0024123118267,66.9962333183635,133.756739289458
71.8049154427179,35.2457535275682,5.60634622184316,-15.3547837184358,-26.9759770326866,-31.5664512932574,-27.8659185854668,-14.6140909946331,5.87981390689543,34.2774553797008,72.3373561798046
83.1417598307857,38.9258469450704,0.310463319910411,-26.535740604808,-39.291757224908,-46.0579969244361,-42.4135469954599,-23.9374947300472,1.26974948775557,35.5291932621252,85.0094870329482
-36.408626171066,-21.550938224753,-9.10475705522642,-0.369738285697611,4.16511151526853,6.20644504400157,4.82283262774197,-0.917155406269792,-9.30686636170415,-20.835306807126,-36.8021323657467
131.986133913113,71.3278255822612,21.685104662995,-13.3446426986579,-32.4078691293362,-40.2285096901497,-34.2284104909896,-11.8294176417473,22.2445337964678,69.3469911970165,133.075340705927
26.022485271949,18.1749132601731,6.25414812629386,-1.24710053347982,-1.13337793613547,-4.55695047644226,-5.43131217638425,2.33004294205454,7.5748484841049,13.4985592327793,28.5938847842868
-2.94878361661289,-11.8629700495486,-17.7938488907863,-22.2048472766382,-25.6465922112829,-26.1973731865956,-24.9059906958287,-22.8212452322348,-18.0214262876892,-11.0571608663704,-3.39187610459044
-51.0320647270231,-28.0281037672896,-11.2467833124524,0.933396039987999,9.12253733932001,11.1913562751859,8.30193965802685,1.61637429828413,-10.9946241144,-28.9209525307372,-50.5411115482279
148.79478730676,71.2766408430565,10.2512702732905,-33.2104772082269,-58.7056861655948,-67.6405477612167,-59.247613423364,-32.7594345803082,10.4177976055472,70.6869985701033,149.119015507671
-516.80418964327,-258.942746956237,-59.3179050132631,83.4340200503747,169.826125977945,198.067680899323,169.136001876953,84.00840597328,-59.1058386818199,-259.693634345079,-516.391297151774
160.778191842146,85.0302754109356,25.1713042088951,-17.4206322695829,-42.2270160395857,-51.0574958337341,-42.9244304462575,-16.8401786713851,25.3856107582621,84.2714558275971,161.195446031012
8.72779419345103,7.41181463554433,3.47309567550518,1.16767205623994,2.09691333146065,0.671975010420617,-0.0569525510358812,2.96032100293545,4.13495118158791,5.06830753863355,10.0164248169787
82.2710891486529,32.7952857244683,-4.20707046639731,-30.8949983834176,-48.0808474166793,-52.9294853489975,-46.9882253970343,-31.8043807774516,-4.54281927306443,33.9841097260403,81.617387260389
-118.586176933636,-54.6464420035251,-6.05448721024011,28.8525050342835,50.7001841008225,57.3050083884394,49.8586763857558,29.5528865813935,-5.79590262558509,-55.5620418644032,-118.082713546996
190.143951973139,91.4226373651624,17.5955160421621,-35.6532232940408,-69.9474416384694,-79.619798460803,-67.7633244326752,-37.4710502257196,16.9243646903847,93.7990593206143,188.837222366791
-99.0583189993978,-55.7450736685001,-15.6608728221557,11.856225405558,23.2926965981339,30.9108830317705,28.0184392291782,7.92301971306792,-17.113033240362,-50.6032440476188,-101.88567084278
202.855939437915,101.857096621666,23.0243019144791,-33.2363735968705,-66.772142185242,-78.1162391960356,-66.9776439521458,-33.0653357764668,23.087449985601,101.633501061199,202.978888537101
106.153666528009,53.6290215331381,13.823851758131,-14.7909017112723,-32.7905603982827,-38.1672289248769,-32.0167443872079,-15.434943881429,13.5860679704834,54.4709696453182,105.690702228815
-28.0610703880905,-23.7659204374389,-16.3417265408028,-11.7502524428287,-12.2346628552269,-9.96622223608624,-9.21757293355731,-14.2613572957909,-17.2688397808757,-20.4831851005221,-29.8661569993765
335.714628130466,165.370560393832,34.605850847382,-59.0981018661868,-116.688943096396,-134.8593522572,-115.414345997737,-60.1589409671452,34.2141834206215,166.757381816041,334.952052861811
126.853569584139,62.7933915604413,14.3418139906177,-20.5056910837958,-42.503344489497,-49.0188850458455,-41.4889062527223,-21.3500016100083,14.0300900629366,63.8971479394149,126.246644060963
-253.602042105245,-128.266846043954,-26.6171619911596,45.2637311133131,85.0869474239691,100.840791088274,88.1655329510345,42.701443857057,-27.5631720461929,-124.91720060421,-255.44392075682
-37.419079396697,-19.8540219497588,-7.38560539653671,1.72832866012334,8.14328225050821,9.57152678495554,7.26162226411139,2.46212868862181,-7.11468253117556,-20.8133093649939,-36.891593415679
-72.0174441351839,-42.9145808155923,-16.8382764359365,1.18813267901065,9.27457317823735,14.0174774782478,11.8167499648031,-0.927704976335227,-17.6194549286632,-40.1485732431926,-73.5383962446963
-72.1291821062909,-37.4710601148206,-8.41024813668637,11.9807830244794,22.5459898923383,27.3200109417012,24.1008855730985,10.686653187061,-8.88804774160076,-35.779260689225,-73.0594564594442
-241.574777382945,-117.527745657461,-25.2102725156964,41.4562458377623,84.7589361852503,96.7156335808527,81.682716624314,44.0165639153784,-24.2649894918689,-120.874816815092,-239.73431425888
-169.093605016646,-84.0436733470867,-18.4645623123302,28.4771235073794,57.094956282388,66.2945564595019,56.6731970464621,28.8281510510095,-18.3349610800496,-84.5025671763693,-168.841271818193
-73.527833144571,-39.9998482102522,-11.7874477870608,7.99224611061872,18.1663896056636,22.8282552509147,19.743882075515,6.67930910860746,-12.272191096967,-38.2834624183313,-74.4716268698696
203.746867935984,98.1368725207053,16.2604964731392,-42.2687566565347,-77.5963094705146,-89.2146312072456,-77.4007139062721,-42.431549607139,16.200392451709,98.3496896680735,203.629845592134
99.3470074319722,47.590147208045,3.66020185628466,-27.0780587111629,-42.6060938293514,-49.9686920347451,-45.3210610651039,-24.8184086581878,4.49447664953884,44.6361355230224,100.971337874409
-57.6055113871346,-30.8597788787968,-11.4986267072944,2.5818652931298,12.1733151191333,14.5129439548333,11.1085771321905,3.46803998316542,-11.1714463081246,-32.018263745022,-56.9684921617698
-3.25219928445864,0.0404924309888637,-0.334006809133808,-0.0900216695703819,2.38496993033478,1.46320072987088,0.21610373311903,1.71511194416035,0.332458102284032,-2.31933571185428,-1.9545941629983
153.392266608411,79.2628747373023,21.4418846587776,-19.8301080633816,-44.462577285976,-52.7714629090211,-44.5843362958553,-19.7287688098168,21.4792996490789,79.130395224031,153.465113478821
-195.045134955548,-101.475694829132,-29.3403040739106,22.2966364460431,53.7871539253504,63.9026592212433,53.3136721094589,22.6907123657348,-29.1948091526973,-101.990865251216,-194.761856793895
38.936436211585,18.817596959032,0.583630867129431,-11.9900439490872,-17.4828940618711,-20.8526385705903,-19.3935326636089,-10.3998315292911,1.17074573299501,16.7387325509964,40.0795470397484
-53.7113096680805,-24.0079922505931,-1.16740321451661,15.1929531420061,25.2169941054587,28.402442526995,25.0234232132557,15.3540609708819,-1.10792134897287,-24.2186064598248,-53.5954986598169
-78.2128486971674,-44.244297347895,-14.4505510935343,6.24284475875777,15.9826115665885,21.2367667256589,18.4752989224561,4.16819684346706,-15.2165221156072,-41.5321365971594,-79.7041919083464
-483.298050950632,-244.086866147696,-58.19483788141,74.6132554121886,154.425917862802,180.934266479275,154.306878491169,74.7123311280481,-58.1582586012438,-244.216386567004,-483.226831205271
-461.269710113786,-233.509652119114,-57.7438540877809,68.0437578650503,144.611748819844,169.312695974662,143.591467497098,68.8929315547475,-57.4303346543287,-234.619766049666,-460.659288746427
-347.058060768849,-182.189446690879,-52.2339500430113,40.2909498675054,94.438029872098,113.513137128228,95.7120591310967,39.2305833759038,-52.6254429798888,-180.803243104854,-347.820296306241
159.395382160369,85.4554787662834,30.9816168160401,-8.45710105905561,-34.5278379745487,-41.4121272486599,-32.285478772199,-10.323402435976,30.2925684417884,87.8952707455494,158.053807106612
-12.9968413574316,-4.37271547572858,2.82690695664946,7.88377268475387,10.5276327647182,11.7016669376315,10.8911216162612,7.58124321337436,2.71521147006023,-3.97722255754767,-13.214312124398
-6.75499094608359,-2.73002352425781,-1.49705497944771,-0.285727964244647,1.94632822014253,1.56119768868243,0.544324116944727,0.881151180499115,-1.06623700568581,-4.2554697428189,-5.9161896834915
-154.556441980678,-80.8049119966559,-24.6450107783543,15.6787131001289,40.8267632850918,48.4939553447626,39.9383760507224,16.4181121745523,-24.3720207155193,-81.7715189731945,-154.024931172571
-96.2723521321647,-46.1311471849527,-8.53681444214804,18.5609829301546,35.9337017407004,40.8889265345997,34.8960808515534,19.4245882312621,-8.21796678116351,-47.2601273769785,-95.6515567222774
-253.337531598667,-124.997481708718,-31.0539564780124,37.072497816494,82.6099741790841,94.2922975030898,78.26814104548,40.6861780632237,-29.7197665503473,-129.72159979095,-250.73986793554
-401.911071777233,-206.657510885615,-56.0247461334183,51.784598102757,117.44679980788,138.60162147041,116.537195853232,52.5416557192322,-55.7452364431303,-207.647202648886,-401.366867274637
-382.460610805914,-189.807227153838,-43.8183874959292,61.1306544737435,127.156257766743,146.872243861817,124.309723398987,63.499807018272,-42.9436838015798,-192.904390049005,-380.757565418073
259.257449096706,133.615053339961,35.7167981098059,-34.1797921596059,-75.977821692488,-90.0154606641295,-76.1081479529948,-34.071322437548,35.7568457069216,133.473252256201,259.335421644442
7.61223676844628,0.515627791759896,-4.84314354095149,-8.698857824913,-11.1398532715602,-11.8578259511977,-11.0210370624655,-8.7977478040036,-4.87965424611669,0.644905399759711,7.54115053840048
113.001420105136,68.0848558706328,29.2186772413989,2.14207965068867,-10.9855154247504,-17.7005762508132,-13.889969449067,4.55943835892056,30.1111789072547,64.924673672683,114.739118088459
-84.0751190758554,-43.130833054238,-12.5047334766561,9.58353259096901,23.8038382008363,27.8182993157455,22.9028489760876,10.3334202222535,-12.2278709829571,-44.1111515873452,-83.5360686568322
-46.7866509144804,-22.4393489357954,-5.12184839425068,7.52994337705272,16.4055365084622,18.4005046794374,15.2091321448041,8.52570315938775,-4.75420859735177,-23.7410929950671,-46.0708573668594
-158.837301976308,-82.3144976102549,-22.7973813968455,19.7149525898636,45.222845212274,53.7251068468217,45.2223867472708,19.7153341673851,-22.7972405163992,-82.3149964416805,-158.837027682515
-183.06085333066,-92.8320053069845,-22.3025443775939,28.0144014619099,57.9257634047737,68.1053593929319,58.1854438232484,27.798271092587,-22.3823408571176,-92.5494608326189,-183.216216829519
87.0267195883882,37.8075765907374,3.58303719979967,-21.569965543368,-39.8800363531559,-43.5692546670057,-36.8825298445745,-24.0647712455192,2.66194169271831,41.0690042557479,85.2333494846266
-24.5917712702821,-12.0128129333873,-3.23229953248364,3.21428167460863,7.8779661605812,8.8356178456826,7.1368152488976,3.83113688921096,-3.00455331312877,-12.8192198854299,-24.1483500855127
-270.324816854972,-140.579717039202,-43.737315624449,26.1450728390985,71.3034346911845,83.9340871983036,68.2959997866433,28.6481418823911,-42.8131692479583,-143.851947264661,-268.525506717905
4.20821607562053,2.20297951515175,2.90812363444309,3.01717919954367,1.28605881893027,2.05667779129492,2.95937487594818,1.62448883220059,2.39393495874419,4.02362586405576,3.20709231418442
24.6053381276429,12.5866929750701,4.37398368772921,-1.69002398040083,-6.22887861979392,-7.06637043771067,-5.39019648550001,-2.38805381451087,4.11626736799613,13.4992184715471,24.103565250121
73.0799570956166,34.0659415253229,1.52415757910978,-21.3370680740749,-33.3105750240446,-38.6094019115552,-34.9342237415904,-19.9857155191339,2.02308411505838,32.299335571173,74.0513655181577
-165.729900315797,-81.6260327648244,-13.1326098416499,35.2547192202671,61.8444278612267,72.5400121681979,64.1195562585595,33.36114424969,-13.8317277714415,-79.1505863645348,-167.09108076305
-13.7051648406216,-12.3899684323879,-11.3710379647504,-10.6425335067628,-10.2022577343479,-10.0578793973793,-10.2052131679338,-10.640073718088,-11.3701297977157,-12.3931840827398,-13.7033966422136
135.90060497987,67.8531251370031,15.7472217501548,-21.6141442819058,-44.6813691817451,-51.882551921704,-44.0755795592674,-22.1183391519201,15.5610703279967,68.5122526579171,135.538168736609
37.5224187209097,18.4292673171315,4.43701289638459,-5.70694984694471,-12.4739243961212,-14.2190425383026,-11.8400141968466,-6.23454929511089,4.24222037974674,19.1189913444615,37.1431582934197
-149.231342774577,-73.4916564691326,-10.2342745174013,34.1918365051421,57.3978235026795,67.720880368287,60.6108664692151,31.5176411727144,-11.2216016281391,-69.9957150291634,-151.153665605833
140.776875840243,70.9757367146904,16.9784946833846,-21.6419354577891,-45.0462481777495,-52.6736132825995,-44.8301117254813,-21.821824459537,16.9120787091305,71.2109033116024,140.647564143764
95.7907291500713,53.9221821218275,23.105812339295,0.789534682632608,-13.9868947503522,-17.872185915396,-12.6953524108507,-0.285407835067919,22.7089378562156,55.3274407608075,95.0180157588665
237.017231982697,113.231211936404,17.7232711593909,-50.6308660184464,-92.2542179550013,-105.670433477293,-91.6852519679656,-51.1044128096621,17.5484351705981,113.850273614921,236.676826853204
-145.977343016338,-75.0196823151482,-21.0720351667665,17.6783453009322,41.9135206370099,49.2530684573959,40.9961377025822,18.441877313061,-20.7901350952386,-76.0178379732545,-145.428484448861
121.167832271322,57.8817707503602,6.43372216516033,-29.9270982868946,-49.9781455363077,-57.986151306877,-51.6224868495917,-28.5585234154408,6.93900727177748,56.0926502815602,122.15162081129
-247.871652439185,-126.089800011951,-26.3689799160142,43.9886875632414,82.2357170764421,97.9609435821756,85.9311257614372,40.9130222952224,-27.5045318578811,-122.069022047247,-250.082568558259
-118.06914852177,-59.8957087801523,-12.5945007153838,20.8339741459997,39.2607513850707,46.6259624713868,40.7792253306031,19.5701578883746,-13.0611083857411,-58.2435379106716,-118.977632212952
96.7011602059782,55.8714504769043,23.7275696309777,0.835163104412225,-12.5929401588417,-17.2995217784992,-12.8791982559312,1.07341390749177,23.8155330920544,55.5599882417072,96.8724247926639
40.3553865062363,20.9414047839109,3.08157503972413,-9.1945263811403,-14.3707368382597,-17.7385252498236,-16.4099981542704,-7.49726209003866,3.70821402468209,18.7225928303145,41.5754506720425
-36.3055389063782,-17.6902159795551,-4.44888869923362,5.22478455482562,12.0104553007583,13.5361122598717,11.0963138937945,5.98561866415509,-4.16798470773908,-18.6848447037524,-35.7586197036455
54.5592563680322,27.1247459986039,4.95908773331865,-10.7293040950962,-19.4857532357187,-22.8970981882248,-20.0972995600337,-10.2203179585648,5.14700811650582,26.4593549161004,54.9251367729461
154.089158123329,75.5083925579456,8.76584358302996,-37.9274372919108,-61.4819715532905,-72.6801641306346,-65.6373661339446,-34.4689286732221,10.0427433220074,70.9871283653302,156.575277966253
-59.4847290559636,-34.8831190940451,-10.0877295996119,6.63691232584391,12.1812075188718,17.3977827905631,16.3636646730435,3.15587969843883,-11.3729453221596,-30.3324095522023,-61.9870400931814
301.653316775256,154.493333189672,43.3506610076226,-36.6145908325465,-87.2234728291513,-102.120445112403,-84.7741328067104,-38.6531610364806,42.5980100680747,157.15833000864,300.18790772356
129.834637995503,65.7072534529175,14.2922348672779,-22.1647654387003,-42.8188015294107,-50.6187688838804,-43.9552663879053,-21.2188929272812,14.6414560189646,64.4707263864388,130.514570497856
185.746360805126,103.358703859914,40.0597697310673,-5.2897252995189,-33.1184464964442,-41.9303347540021,-32.5418853358475,-5.76959350563544,39.8825998423405,103.986029443481,185.401411579681
-212.630116238017,-111.303506305202,-32.3259541164099,24.0573162873716,57.7540372587213,69.0862266178057,57.8781386176983,23.9540275114727,-32.3640888807046,-111.168478206255,-212.704364506166
242.948636100662,123.423727050115,32.770997233756,-32.383641601096,-73.3097190813755,-85.5765254780977,-71.6021828390796,-33.8048132121381,32.2462931317116,125.281606565535,241.927038836651
13.4734149745828,2.3218904103121,-6.99524720474586,-13.5381806776097,-16.9532957335362,-18.4747204890912,-17.4289121958125,-13.1423281052377,-6.84909633393292,1.80439739284523,13.7579702680781
-44.8711395336348,-25.1724552882696,-9.20469065940518,2.08819650350377,8.35103396822308,10.8233871859547,8.82874590651117,1.69059987970498,-9.3514854432619,-24.6526822946236,-45.1569485238349
146.669440095152,70.1963080671432,10.8933718689502,-31.4965638980342,-57.0702712071521,-65.4900119586509,-56.9401114627755,-31.6048950297704,10.8533754401168,70.3379279735439,146.591567171904
124.376816227643,65.1236715560097,19.6613127938978,-12.9204267139437,-32.9640049732799,-39.2742296973611,-32.5033938588151,-13.3037904302696,19.519772875025,65.6248380513037,124.101238443316
91.1797070308366,42.3649859160932,6.56516782287077,-19.3837461434872,-36.6722376881234,-41.1454775252564,-35.0710220770863,-20.7164277658131,6.07313469434463,44.1071835982442,90.2217200512289
271.180163002703,135.441375450231,32.3565970994992,-41.7092214623765,-88.1237987357525,-102.113741853324,-86.2841969973855,-43.2403103502326,31.7913109554398,137.442948419276,270.07955262839
-443.975223087879,-226.477292541978,-59.0078445227453,60.9086363219252,134.203583862777,157.62625623018,132.950791444346,61.951327525486,-58.6228773960287,-227.840389449455,-443.225693282688
-257.436504390613,-136.216586137951,-42.7594897323404,24.1393397343917,64.9331263715962,78.0400997123946,64.3235331993062,24.6467002748502,-42.5721695278517,-136.879852099448,-257.071792531768
175.371045213881,85.548807503754,14.9490801474322,-35.3507081197968,-64.945165500824,-75.2491257587952,-65.4904235012728,-34.8968933358192,15.1166309744198,84.955541226553,175.697266155868
234.612105962654,119.775467743976,30.9884001272159,-32.5233375669547,-71.0510600307361,-83.5780672096017,-70.6592374341684,-32.8494490350533,30.8679980422703,120.201789105602,234.377683475613
-308.037484184765,-147.526852832379,-24.7613940838757,63.2899709694844,117.767711748785,134.691543861761,116.233763404127,64.5666664715966,-24.2900313280937,-149.195860573861,-307.119742356966
85.4687191965869,38.2911573502547,1.92965788136364,-24.1007179624644,-39.9824325435886,-45.0786848398614,-39.7370179506771,-24.3049749754297,1.85424510802825,38.5581799373375,85.32189076012
-47.0966741265051,-28.4050774141785,-14.0249547327159,-3.72594558432624,2.57862514287853,4.58625780386823,2.46204582742674,-3.62891735766205,-13.9891313964283,-28.531921176984,-47.0269262015382
47.1623768698105,20.237324456479,-1.04526612746706,-16.1877203364167,-25.0027838566387,-28.1439818143221,-25.2546436954629,-15.9780989860568,-0.967872812292914,19.9632891395599,47.3130614151126
-107.667405147397,-54.0749010208133,-14.3265157626393,14.4022896360152,33.1742721885056,38.2803669476899,31.7448481888148,15.591990187127,-13.8872720045156,-55.6301813727576,-106.812198908709
150.140102395899,72.2787700860799,9.81294487331326,-34.4732200048882,-59.5321630278267,-69.0199162588688,-60.9411488637426,-33.3005300081759,10.2459082444646,70.7457274148767,150.983080740573
233.836430144991,118.530645948714,26.9138252174068,-38.1896819186081,-75.717189513156,-89.3775144860462,-77.1465179264316,-37.0000609234649,27.3530396030446,116.975469599272,234.691579195539
169.064057023483,90.9755281626997,27.1666769048619,-17.8755706193891,-42.4629699925611,-52.4875624926111,-44.7336838597772,-15.9856698342977,27.8644383058705,88.5048849782194,170.422596313391
-141.648674009586,-78.3406286346053,-25.3765430001544,11.8059828143708,31.1610051693135,39.8289500908637,33.9128298138826,9.51565657323101,-26.222143604901,-75.3465143601702,-143.295055771973
-157.470546509116,-79.7116892824398,-18.8005207950849,24.6321741074653,50.3490572201634,59.1784484749374,50.6682806381929,24.3664864763359,-18.8986140787059,-79.3643592319796,-157.661533828969
17.8124539987101,5.81782741972879,0.182912559466936,-4.48571874320222,-10.2173900650556,-9.92968007135393,-7.48791965241179,-6.7574396985437,-0.655818875010444,8.78761924141108,16.1794464895941
-110.675248957816,-58.2962460074722,-19.7743220518291,8.12768510072504,26.6277854729506,31.4750748375264,24.9895438650214,9.49118322600431,-19.2709113068458,-60.0787297107688,-109.695109794152
-27.5533436350003,-15.3249526747961,-6.46950754373002,-0.0299694099831315,4.35375579042036,5.42492521449554,3.86942391518952,0.373136945449387,-6.32067853770976,-15.8519284703122,-27.2635740205387
82.7172513871993,36.5361738312803,3.43659644820651,-20.6971541118539,-37.413635225325,-41.3083190355538,-35.3308025072703,-22.4306826052046,2.79656852729626,38.8023935138083,81.4711190044997
-108.071720103151,-59.7614006426458,-21.4433957220132,5.79709152150164,21.5517441054131,27.2456048081064,22.1009365237285,5.34000214642637,-21.6121555454149,-59.1638535342808,-108.400294957417
-112.273582430602,-57.3275960214811,-14.3639180674348,16.2847116731226,34.4930970139233,40.6981777071082,34.6614877477146,16.1445611307804,-14.415662391554,-57.144379005556,-112.37432846964
-34.333845653862,-8.59314856391688,10.5965880708086,24.4483041422509,33.4183786817763,35.9140304171093,32.8045420924216,24.9591964518845,10.7852122232227,-9.26103156219756,-33.9665950124398
181.396237299635,86.540728176345,14.2505507634449,-37.6442715033841,-69.9602109069779,-79.8477461677563,-68.8620435352256,-38.5582692588921,13.9130979408243,87.735585781088,180.73921769758
128.451157368817,71.4222311096609,24.4422751578098,-8.65760319486063,-26.4359169904631,-33.9235139957709,-28.3747384020854,-7.04393440070768,25.0380502415889,69.3127024826914,129.611129614476
22.4530361222555,8.7494740555985,-0.731706384417741,-7.7090864921636,-12.8292972109064,-13.8355704033672,-11.9595689685769,-8.43295580556585,-0.998962777055437,9.6957791736871,21.9326887522913
-56.9048782047149,-25.6896424740149,-1.67325663319553,15.5269789187042,26.0550581869536,29.4084362710426,25.8613841068421,15.6881726302233,-1.61374305932401,-25.9003689565305,-56.7890054604352
-226.546780819695,-123.819594442423,-40.7244030437742,18.0723804219085,50.8149780811975,63.631125703849,53.1765254517288,16.1068794867028,-41.4500764214729,-121.250120146226,-227.959664641899
-137.147631255814,-68.0269301100704,-13.7922379915043,24.864211459593,47.6819594024039,55.5700177225335,48.0322804196429,24.572641493393,-13.8998871706108,-67.6457644131863,-137.357223874625
-204.891365774524,-105.065585943982,-26.8176431039201,28.9682114679223,61.959270648709,73.3166957495093,62.4067666805145,28.5957633519158,-26.9551529252174,-104.578689273721,-205.159096971335
59.1708885298034,28.4364972633397,0.32067629189562,-19.028268039722,-27.2969827674946,-32.5591632718156,-30.4084769331117,-16.4385911318091,1.27679875169844,25.0510456814296,61.0324560021913
-38.6405792741334,-20.4316676232759,-7.93268108936334,1.28501828006468,8.13522633231456,9.42875861271298,6.90615731790879,2.30796464455084,-7.5550038620342,-21.7689523545399,-37.9052428805059
20.6108815103394,7.70717118948918,-0.341309742341005,-6.43657244303857,-11.6705234860917,-12.2323647808887,-10.2018928941972,-7.65890439278506,-0.792601186040481,9.30511015254833,19.7322184650939
-56.112219710291,-33.0805578662753,-12.5812545659518,1.61055161908839,8.07443244171557,11.7677399166912,9.98492957395797,0.0204569434582601,-13.1683259600464,-31.0018473836856,-57.2552458990506
-0.126108622033848,-4.83890778373942,-6.89321965598808,-8.64132396107006,-10.9682861076661,-10.7851920335663,-9.77785996079924,-9.63210811139332,-7.25902242313876,-3.54366830471627,-0.838325478416079
112.299220598789,55.2463242487379,11.722365147865,-19.5143727627109,-38.9310957938315,-44.8972350300721,-38.3026963524429,-20.0373856419546,11.5292660168177,55.9300523130323,111.923257187808
59.9497703505742,23.7464734144927,1.35129962296068,-15.6494011098112,-30.4213367483612,-31.9160584971506,-26.1634124216743,-19.193244587427,0.0428938011298017,28.379294779458,57.4023082617683
-364.197655867686,-189.335884087256,-48.1803439178868,51.7473569093926,107.617149012393,129.306088963357,111.423634450602,48.5792431624458,-49.3500283288689,-185.194249405532,-366.475027798571
-40.5534716311506,-20.6784593361346,-8.11826901082099,1.35827579940946,9.34319150422161,10.2802764637698,7.20190573966889,3.14045439353355,-7.46027921448181,-23.0082786747124,-39.2723675325388
36.9182556575034,25.0957768156868,8.23109213265584,-2.47877450988405,-2.82084689827877,-7.49858236175482,-8.48736260623926,2.23743066234084,9.972340114759,18.9303419646693,40.3084600937772
-207.609160445291,-101.569804354142,-22.3357586206892,34.8247086609403,71.6919521795844,82.0524620859873,69.2973486265554,36.8177220476954,-21.5999274998487,-104.175245327239,-206.176499528603
153.851234090239,82.6615880305739,23.5324144327831,-18.0476551646917,-40.0134760982986,-49.5724867439783,-42.7911264057705,-15.7358343877144,24.3859509342489,79.6393742236716,155.513067018996
-51.3247229986298,-27.264392235456,-10.4935542006649,1.82412517824539,10.7558409084188,12.5770392649498,9.32044774103302,3.01879382986338,-10.0524761934648,-28.8261673218077,-50.4659454826631
-353.389453874256,-183.250024821266,-51.6882399231986,42.41843524178,99.4923638719774,118.05948132786,98.9242790843361,42.891248616315,-51.5136747157372,-183.868127713513,-353.049575955179
54.6365320723049,32.5698293068607,21.3755627570938,12.3396547789702,2.18335896397023,2.34963284761951,6.59332168013312,8.66927071172615,20.0204374779242,37.3680755702077,51.9981073445425
132.81415059912,66.106735143525,16.47662110453,-19.3661030358685,-42.6592946866397,-49.082781440102,-40.9943580488759,-20.7518192655821,15.9650073174609,67.918264291284,131.818040137884
169.703437206075,86.8738597168163,24.5225784815992,-20.3750324946457,-48.9570146689208,-57.2515573417747,-47.4263319720866,-21.6490100187357,24.0522192177294,88.5393142803064,168.787649173926
127.240363662261,65.7956636148763,15.2377486058198,-20.3928165590274,-39.5757347367148,-47.6169044264249,-41.6205570201582,-18.6909239099152,15.8660964051215,63.5708010679026,128.463754884309
434.909540848767,210.337488180735,33.3511929228913,-92.6634969440897,-166.432627094814,-192.402349634793,-168.146114622389,-91.2373721159627,33.877725778974,208.473133387815,435.934698691235
-153.65232404499,-74.3530930222017,-16.3721068194996,25.6869159697463,53.854372480391,61.0440946165958,51.1234581161548,27.9598387168624,-15.5329316771202,-77.3244559309382,-152.018452637961
-156.713567631001,-80.3164094028739,-19.8213113472293,23.2021476805393,48.1634001820422,57.1235506051182,48.9577222566342,22.5410384434573,-20.0653963865737,-79.4521497318486,-157.188800447761
112.248174621237,57.2748649315493,14.1354900484141,-16.6117265869173,-34.7567486197188,-41.0326114203997,-35.0392506427402,-16.3766019405203,14.2222993158507,56.9674894810988,112.417191996475
-427.508676421087,-218.99330058391,-57.7371353844044,57.6065712368536,127.544546286253,150.308292022967,126.862990921178,58.1738254550694,-57.5277021161859,-219.734864786199,-427.100910495546
184.031680779082,91.7538708245778,18.1608844814963,-34.0881773105985,-63.9928050300297,-75.0448173611237,-65.338505227,-32.9681595507783,18.5744009832151,90.289685896657,184.836796129112
-8.91310899811151,-7.93639771231789,-7.55559317866149,-7.21757659987765,-6.71423228729588,-6.77189240913296,-6.99415098588769,-6.98460203805889,-7.46957773386333,-8.24096238463053,-8.74563719309582
419.432084537039,216.635731635881,61.2462558799033,-50.1541312909904,-118.851402118988,-140.357461483046,-117.121750314466,-51.5937095445509,60.714755947743,218.517673920228,418.397255812808
-53.3733110213821,-31.218893673751,-13.6071328219367,-1.09361102649322,6.11262901185264,8.74115477087628,6.39379455545672,-1.32762332952702,-13.6935314062995,-30.9129723755877,-53.5415287979453
-20.2011947592414,-13.8827923753151,-11.0138942048158,-8.60828378462247,-5.5423715733655,-5.73753050060277,-7.05361622858973,-7.35048441958179,-10.5495080031369,-15.5270974378853,-19.2970362607061
219.10258560161,105.171152606413,17.0286966987934,-46.0122476656804,-84.2103452908881,-96.6628455526767,-83.8624372800309,-46.3018093019356,16.9217890057623,105.549692839183,218.894436653895
-176.356737531688,-93.235213866395,-28.3484074930353,17.9580625842279,45.5541542525163,54.8937197437772,45.7290628297194,17.8124872820518,-28.4021546672785,-93.0449051311496,-176.461383113725
425.221634726765,209.349335712335,44.8252447465509,-73.2803066484847,-146.822148493497,-169.326849019676,-144.327374510683,-75.3566912501817,44.0586325306389,212.063766811053,423.729043113164
-120.159585725355,-57.127884818829,-7.25705092562351,28.2175334863286,48.8310451740697,56.2057360497537,49.4562393536873,27.6971883261774,-7.44916512062214,-56.4476442296689,-120.533631468896
-84.842194049213,-42.39236777746,-8.0346127917071,16.2729431333599,29.7935376379209,35.098501147314,30.7844939769156,15.4481764421019,-8.3391210317889,-41.3141608045769,-85.4350706509479
207.872180016197,101.292096169682,24.2122636128994,-31.8581149981547,-70.113774945209,-79.4049609220662,-65.816808444895,-35.4344530298641,22.8918606292237,105.96739725064,205.301359490381
90.8842318138161,48.1400039514886,13.906601378232,-10.3736966174025,-24.1582200902305,-29.3409090907586,-24.8881192429147,-9.76620617062653,14.1308900755993,47.3458394409472,91.3209212139683
-47.2325735857156,-18.9404817893084,1.72142507959209,16.7139464810844,26.7748500195259,29.3292969254977,25.7825416116675,17.5398384907032,2.02634879318564,-20.0201598765276,-46.6388880583381
-108.680016676753,-43.1571732694723,4.65567875166133,39.3564670366013,62.675201275959,68.5740776998932,60.3483124948163,41.2931218471405,5.37070198702471,-45.6889373949198,-107.287868648739
-416.562459331115,-205.532402694457,-42.4089951334204,74.2838974538855,145.10168317636,168.10596527709,144.354651003901,74.9056476046208,-42.1794416776641,-206.345208734055,-416.115519462661
109.828345639767,51.4838559842024,8.24166067907044,-23.017951372557,-43.4687982123031,-49.0142074138324,-41.8899954767005,-24.331978900463,7.75651474121571,53.2016674067123,108.883767999098
277.581281118201,135.206078533315,22.1956978841069,-58.1297564538552,-104.521066750138,-121.338053393666,-106.201283189344,-56.7313229420753,22.7120069592151,133.377924244961,278.586533290729
64.456321741522,32.3751812266356,6.83976650092422,-11.2981597010556,-21.7181143493242,-25.5385961766244,-22.1491687943099,-10.9393958137348,6.97222403235814,31.9061737739487,64.7142161455934
161.119083386349,81.8831523350474,20.717420079198,-23.052925849725,-49.6817894273325,-58.2830355126246,-49.3402848013511,-23.3371579892618,20.6124800646431,82.2547253847527,160.914765502542
74.2441093834418,38.7267287292856,12.077940149213,-7.12694142425354,-19.4239659598057,-22.9422973925615,-18.7029707740271,-7.72702115570845,11.8563875272765,39.5112053062357,73.8127471136921
-74.8515684518429,-32.1877151509215,-1.38326565219386,21.0343557586026,36.3717354600327,40.0688341616032,34.6143573352882,22.4970104530617,-0.843245775569374,-34.0998249720403,-73.8001514220887
14.9915518386471,1.04588736297232,-9.40483583144184,-16.9386213988611,-21.7729481687096,-23.14880623296,-21.4804359064551,-17.1820775040381,-9.49472111768142,1.3641544231907,14.8165454643126
-227.04307265997,-117.37051741067,-35.6541347908582,23.3392797709929,61.5787643526759,72.1922964484346,58.9303788333789,25.5435142826183,-34.8403197096031,-120.252085065493,-225.458577213523
-142.907833043908,-62.2696430065588,-4.04241311978675,38.3310499392298,67.3179463648669,74.307647722267,63.9995253847518,41.0929507256428,-3.02270468991746,-65.880240667553,-140.922463884442
-82.5207941629458,-45.8407667559907,-15.7925233647891,5.40577577051391,16.9195288460342,21.6615299028426,18.0420806934132,4.47148297022006,-16.1374692256659,-44.6193776981289,-83.1924026873139
-170.469996643624,-82.8522463640846,-14.451008598641,34.3627436837499,63.4494287236283,73.296192505229,63.6371682674599,34.2064892492293,-14.5086985652282,-82.6479769353725,-170.58231883016
67.4613697942457,33.6132107789629,10.5935526590224,-6.42522462325147,-19.2595544957426,-21.5700108511508,-16.8164245017467,-8.45862625980113,9.84280998198631,36.2714507957315,65.9996761237591
228.60463269268,119.674177202525,35.1272296673984,-25.2942427102919,-61.6873269824332,-73.7131854124093,-61.5567434527236,-25.4029265558796,35.0871030147389,119.816258207244,228.526506224045
141.511555181927,69.3441318337739,16.4583859269967,-21.8824706365855,-47.4606949815075,-54.056137681011,-45.0635326241532,-23.8776136999913,15.7217685182329,71.9523569059848,140.077363365083
-27.3703859803394,-19.1870977400233,-9.3978799899225,-3.00226298739314,-1.88136284652149,0.529991730158296,0.64876632307148,-5.10807348735667,-10.1753564036603,-16.4341985399257,-28.8841301535091
-200.029785439045,-101.929651688392,-25.7608910865844,28.6682520452127,61.4299274248443,72.2723296197972,61.3328849805581,28.7490198576137,-25.7310711815492,-102.035238419086,-199.971726176161
57.0335170244809,22.5132208683551,0.295038267768879,-16.3819964480707,-30.0617545661508,-31.866022438353,-26.6402098253984,-19.2297264880079,-0.756358778063225,26.2360220174485,54.9864502277345
231.654762866525,121.878513610838,36.8944510719516,-23.8777058325707,-60.6562928340245,-72.6793094022046,-60.3626280260001,-24.1221211942998,36.8042116231014,122.198034694908,231.479066938683
91.7288337434841,36.7267577209543,-6.94073907129432,-37.9770630138029,-55.8943596431654,-62.3952607621243,-56.5505311570539,-37.4309356143289,-6.73910593669156,36.0128123392641,92.1214128329969
-74.7899312417734,-34.4840207634631,-4.10059567631055,17.7701018771573,31.6585053749158,35.7133805317756,30.9450644527397,18.363894242811,-3.88136438319973,-35.2602779473172,-74.3630885920685
-76.8942962626024,-33.0079224325015,1.57060511207691,26.1920711507972,40.6122028920935,45.6835222552306,40.9407534321963,25.918620614978,1.46964572284072,-32.6504440357815,-77.0908638812242
78.7137649892433,42.8596644460037,15.3924458602999,-4.30005642118713,-16.4481749728539,-20.2480397970034,-16.1383742323129,-4.55790161745933,15.2972480452541,43.196742181431,78.5284151377521
114.980829248086,64.3823043291627,23.9210701969196,-4.78695562459807,-21.1337703157168,-27.2413283005193,-21.9515431569206,-4.10632846283578,24.1723613576525,63.4925291242178,115.470092360905
-70.3545507758005,-41.7750976591433,-20.2917854537453,-4.81672569112204,5.05940899010878,7.90804954835975,4.50885759714009,-4.35850525004095,-20.1226080347708,-42.3741233956672,-70.0251628642455
-79.2984675101462,-38.6287411434554,-6.24184140430611,16.7601247041748,29.9624799750682,34.812464627196,30.5202269899044,16.2959153925394,-6.41322994607673,-38.0218862328634,-79.6321604709474
90.4309566134825,42.0696632578512,5.79849604416612,-20.3435177052564,-37.0942107693751,-41.8785169167775,-36.1018147007081,-21.1694826744116,5.49354539352449,43.1494367241414,89.8372186397557
103.753278315749,53.0297362890543,13.0656424834041,-15.3908484229105,-32.0582368191828,-37.9189677286736,-32.4368579850667,-15.0757244220458,13.1819879371281,52.6177787031618,103.979802554346
218.793481979624,110.026534534984,24.2380614911654,-36.8317298838611,-72.5280716888896,-85.1361303734084,-73.4087442607473,-36.0987516742363,24.5086809366364,109.068321473077,219.320377203055
-131.593127922583,-65.4264201192445,-16.7490354211709,18.5058957570774,41.8685679572376,47.9985403581789,39.8104335251255,20.2188680233017,-16.1165969684233,-67.6657669083122,-130.361772210926
122.951016876988,62.8367589745094,22.2466121977945,-7.82062000663885,-30.7517149981034,-34.7266828547818,-26.1964490453279,-11.6119390383957,20.8468370878321,67.7931019740428,120.225659066754
-118.988936604354,-72.9609255876438,-35.215205451558,-8.59307916193568,5.83638868536888,11.8042767554536,7.27429647739469,-9.78984071973172,-35.6570561708277,-71.3964144717475,-119.84921858833
-156.878780901375,-84.5349634585436,-25.4978796463985,16.1888726762569,39.0038551543113,48.2569491635307,41.0502123850952,14.4857025001848,-26.1266991154346,-82.3084308168742,-158.103090462938
27.1084002879461,14.8179494511381,4.41773440397237,-2.86445726163056,-6.56665993991418,-8.30115227365747,-7.1880105549669,-2.34731107594894,4.60866752061743,14.1418908404887,27.4801464755855
353.136344928172,179.184914073118,44.0835244311927,-52.4513003630425,-110.526220721974,-129.768987493764,-110.382760879916,-52.5707010819308,44.0394410520279,179.341005109574,353.050514725268
-303.233041947028,-153.803587291607,-37.6267049194221,45.3648022979323,95.1962178560156,111.779301333035,95.1622111782004,45.3931058407209,-37.616255101196,-153.840588151991,-303.212696183258
-346.101270914763,-176.778107675351,-44.4240875961701,49.9998073928199,106.131999603168,125.234409787264,106.618326975398,49.59504019786,-44.5735297929592,-176.248960685511,-346.392234409755
-128.021111623175,-65.3549839319956,-17.277906633041,17.1784279585275,38.3783539092281,45.0503305957666,37.8883191674749,17.5862807736851,-17.1273252088972,-65.8881647137536,-127.727930056046
-222.226654015567,-106.121898728679,-20.1953116548096,41.9434992202341,82.698973668677,93.6795196665665,79.4649663904021,44.6351430166831,-19.2015424785428,-109.640650323051,-220.291788502648
-251.236421287856,-123.453598706156,-24.277762415275,46.5988515007018,89.2920418532156,103.397666108236,89.1362907284252,46.7284821764422,-24.2299020817422,-123.623063234687,-251.143237366477
105.064921919174,51.0526200610315,13.3897561473316,-14.2696685260004,-34.3133903677281,-38.4081127677463,-31.1018493619,-16.942613786034,12.4028905699568,54.5469272973087,103.143497691947
-41.8234451773348,-19.9683385084967,2.53707911666123,17.6528257504052,22.3537892681328,27.1977332992852,26.422610097656,14.2663719170388,1.28678238687475,-15.5412706174385,-44.2577690436349
75.7806304874523,35.5701271209443,8.65289855959757,-11.3329720861135,-26.7812105786754,-29.3376172213224,-23.5616138029522,-14.0126221124628,7.6635575469117,39.0731994126847,73.8543865953308
65.6305609994092,33.3413664070541,6.60616505667568,-12.2078940422976,-22.2101507844432,-26.5090449498104,-23.408101881692,-11.2108469233811,6.97428014507336,32.0379394290937,66.3472799381084
-64.8186857303431,-36.0964091086721,-13.1746928202991,3.09652351001871,12.3974428129909,15.8441697908191,12.8275746306405,2.73852751959236,-13.3068668401238,-35.6284055177982,-65.0760281381882
-58.7238047213321,-33.6104488369945,-12.1690384266584,2.81366128740977,10.2891060028592,13.916757730762,11.6994136947247,1.63987111835393,-12.6024079872784,-32.0759679245229,-59.5675739156461
65.3546408178982,39.3925409004805,17.6904880290666,2.45200682656423,-5.49380767958119,-9.0405306580141,-6.60895283069451,3.38013508041761,18.0331579066777,38.1792106755314,66.0218180098863
144.540711763745,76.5122880083845,24.0865122651894,-13.4450162664091,-36.3488394598642,-43.6947153997173,-35.9903366731984,-13.7433958675377,23.9763489327233,76.9023558541316,144.326224096118
-89.4222822702394,-45.5610918893303,-12.3502910416675,11.5291300736179,26.5734602003337,31.0506315561118,25.9059444537799,12.0846992061655,-12.1451719690995,-46.2873803282071,-89.0229160702886
-31.1959814585671,-12.2087846206975,5.80788820562446,18.1108531295993,22.9154465548964,26.4502165921429,25.3158456526312,16.1130161476535,5.07027618783702,-9.59703782314884,-32.6321097761036
-11.2798773639341,-5.89679649679403,-0.144484880042838,3.69153813229978,4.7513262923685,6.03612677548251,5.90796679409687,2.72887356066666,-0.499905749488938,-4.63831738423525,-11.971880697592
-22.8413624263519,-10.941230339643,-4.52933822319165,0.546088607235152,5.84719096458184,5.92203424951932,3.74608832224862,2.29482304297078,-3.88369618764329,-13.2273285566492,-21.5842993798138
-271.045726897436,-128.827070590227,-19.5707069854756,58.706199140416,106.749706536706,121.956040003034,105.746246415561,59.5413726504481,-19.2623564926654,-129.918882264521,-270.445369441521
47.500575943941,22.1125200204516,1.15939800115526,-13.5968325081114,-21.4932198550808,-24.8434921113393,-22.3848996939125,-12.8546930198261,1.43339983933363,21.1423305358342,48.0340566755123
83.6457771086672,45.2844469317306,11.0885786712054,-12.5774715867036,-23.3190603108511,-29.4935902477303,-26.5398914990794,-9.89679416663652,12.078299003105,41.7800315412906,85.5727595341249
254.125064964092,131.992169504844,35.8435676604398,-32.6325202237631,-72.8008867718099,-86.8784314091684,-73.6552501460901,-31.9214389928262,36.1061026251551,131.062582083809,254.636219728493
38.0329832853682,16.835420139731,2.34548044998427,-8.35244740138045,-16.3553872773637,-17.8346815400481,-14.8798738549159,-9.58050788744941,1.89207400026881,18.4408479452382,37.1502023299503
-98.8858412148279,-39.5358134255052,1.89913087958062,32.3190208307,54.3200515334868,58.841397097133,50.8281304779333,35.2253246321819,2.97215366907087,-43.3351873057658,-96.7966691620576
-22.5761803739783,-9.73088299580041,2.07853242437621,10.1969474277695,13.6253509352336,15.8503320060749,14.9690357046988,9.07860709551051,1.6656352378164,-8.26889094752929,-23.3800899193087
-108.99638657581,-63.2112026482745,-27.3062437317243,-1.71111704968953,13.4125339974881,18.6288514127409,13.6299467766432,-1.89206833023018,-27.3730519049472,-62.9746473478495,-109.126461882468
-330.405023427405,-161.955933195097,-31.6849443283393,61.4955672038775,117.994829266069,136.384620064736,117.444411697867,61.9536762634524,-31.5158080320081,-162.554813323999,-330.075715581509
-268.388787337495,-135.882051541289,-32.5720928335195,41.1773199127253,85.2293155408085,100.061579921516,85.4134092835023,41.024099855425,-32.6286624919311,-135.681748915203,-268.498928287478
-54.9416354238567,-23.0024507322993,6.64093290832717,26.9781032568548,35.3713326159974,41.0263973007198,38.9191156254417,24.025305904583,5.55074445310834,-19.1422964262684,-57.064228974715
-75.2288114734506,-41.8239548911733,-15.1382661545354,3.80025034099407,14.6047991298166,18.6253120262004,15.1250447876199,3.36725317154962,-15.2981310077424,-41.2579032158545,-75.5400678482558
-195.799799010273,-105.492160152816,-34.0246458702386,16.8095675241135,46.335782071674,56.9087209279518,47.2432608672948,16.054278664051,-34.3035025262708,-104.504780662237,-196.342732057192
-294.910529343763,-148.474273695124,-32.4044531708712,50.123592682646,97.915115142877,115.139835558887,99.5220699558331,48.7861343588743,-32.8982498829248,-146.725831492115,-295.871950015045
219.33749156383,111.24097786401,25.6527956191667,-35.2179717014203,-70.540137506708,-83.214576606863,-71.6580958419875,-34.2875020521842,25.9963299523807,110.02458676275,220.006351848203
188.13096495844,102.764235330271,36.8227566300358,-10.3575565061414,-39.0265718887974,-48.312240756236,-38.6904959649099,-10.6372703712722,36.7194847863735,103.129901697491,187.929894998202
-1.88262841520967,5.52816663769266,9.41455302927853,12.5176942987088,15.8689767241793,15.8688204926704,14.4817468301605,13.6722769626279,9.8408310770531,4.01879545163184,-1.052666374475
-14.1682709128775,-3.96971473302126,1.72402088880981,6.18101152279968,10.6308986153781,10.7821838003232,8.97701256950602,7.55753041479797,2.23223896997699,-5.76922031852712,-13.1787718805304
115.76983190843,59.8324339355495,15.0136871346567,-16.7711183669427,-34.8013382414491,-41.5920503307469,-35.7706155874956,-15.9643949643545,15.311533696792,58.7778147237433,116.349738243805
72.9712285500616,33.4700550695858,6.57565069055634,-13.3017643378854,-28.265392561231,-30.9749720567735,-25.4365538361452,-15.6561889109785,5.70638464143355,36.5479642755994,71.2787702406606
-99.1521319859336,-51.4390572122656,-15.4596787947815,10.4369086300665,26.871872356472,31.6773134119968,26.0363931011152,11.1322727283015,-15.2029466788826,-52.3480978262433,-98.652275350233
-61.0862127224543,-34.3908039476284,-14.4454992746569,-0.0563594225624708,9.22584549727926,11.8332850098241,8.6216246113113,0.446529797980077,-14.2598299052138,-35.0482246096458,-60.7247150343388
-22.5894562643289,-12.4890304672564,-4.80422597994294,0.714729817872894,4.16181601555445,5.20904179136014,4.03541274169509,0.81993446296444,-4.76538386657341,-12.6265631575551,-22.5138307897193
54.8847716713804,26.8783861823381,6.45221560020371,-8.37427854001365,-18.3462908124602,-20.8630620228591,-17.3439930197024,-9.20848465148237,6.14422227607786,27.9689331888321,54.2851096217895
-159.361515259331,-80.8497010463119,-22.066619359033,20.3188579127034,47.5600962739786,55.2827994346407,45.8743010161416,21.7219346399335,-21.5485959841355,-82.6839253509843,-158.352925350414
5.83694026377259,6.89823439948889,7.01207422901178,7.21738104178372,7.9050578783378,7.71083732180252,7.37928747111565,7.65497642521492,7.17363676722887,6.32617153769056,6.15150202604246
-350.718259543267,-179.771718694715,-47.8999903619227,46.4834488957817,103.975542122243,122.4929339582,103.172644844128,47.1516952205015,-47.6532702719404,-180.645308589353,-350.237896291064
-8.30243984431422,-6.45854990027376,-3.97752821885812,-2.38778136287974,-2.2643854027257,-1.60030160065248,-1.49089952935206,-3.03154876151643,-4.21521055940208,-5.61696099339609,-8.76520662631088
-26.2483473311132,-11.4304509740291,-2.94372156858739,3.64762807689618,10.0126009157805,10.3263091579251,7.76776710418916,5.51598905543181,-2.25391277848746,-13.8729354442097,-24.9052917500507
168.310439458973,80.4118019097267,11.9446907874078,-36.9427022876639,-66.1946189480807,-76.0056581505775,-66.2696147820809,-36.8802837295171,11.9677360503787,80.3302029250144,168.355308514709
230.761802573373,107.840972012524,12.437824839622,-55.7424673092739,-96.810836133293,-110.380125517164,-96.661631346997,-55.8666495089034,12.3919761123887,108.00331381775,230.672535243239
317.573066726565,161.191922866181,38.9507632679027,-48.257822392986,-100.097989600097,-117.741849294849,-100.549705472922,-47.8818621299975,39.0895697925075,160.70043481098,317.843322600705
173.800773849216,91.8681901440941,26.3198924208191,-20.1826846946567,-46.638153611149,-56.5413975110683,-47.9850348246749,-19.0616839822295,26.7337718338577,90.4027202147709,174.606595786463
-4.09479256265526,7.31233518159813,12.2519474370454,16.465466214721,22.113150760348,21.6556089604333,19.207569924291,18.8837627612352,13.1447953577728,4.15092695962701,-2.35642042216789
-25.6613870117821,-10.2373807315484,1.32830222373779,9.66456198740836,15.0080276254083,16.5328541299494,14.6897580100253,9.92945577462971,1.42610241597439,-10.5836729999957,-25.4709703399486
123.177223437222,57.6520481217216,5.47499236581996,-31.5829721478635,-52.855502143405,-60.6681625960846,-53.7517437665308,-30.8370359153721,5.75039598211142,56.6768952018436,123.713433426444
-4.20812429948656,3.23238302861867,7.08302086517724,10.170883013884,13.5596877515389,13.5370152827117,12.128970838209,11.3616596488374,7.52266191916686,1.67569592599716,-3.35214452697683
80.0041314923501,43.9979244217692,19.3684983995002,1.18791404140535,-12.3980080868935,-14.9181067892442,-9.90410915239917,-0.887742263110838,18.6021550747729,46.7114034268739,78.5120634090545
-201.481585811608,-99.7182037856134,-22.6247978233772,32.8001435881727,67.6859648840555,78.0912083231885,66.1669798112242,34.0643852538149,-22.158033090122,-101.370930785567,-200.572796319449
30.5687416753594,19.7510987038116,9.65109287242161,2.73062463401138,-0.0839948632336271,-2.02562898008682,-1.32989714358365,3.76758121924044,10.033942747612,18.3954985897166,31.3141491983761
-113.899264917176,-58.7049808508126,-15.5892519147749,15.1751416931619,33.4855640853793,39.70021865955,33.6236108817285,15.0602462179696,-15.6316719340543,-58.5547794619614,-113.981856563527
-38.5496825110479,-21.0646510276056,-8.40623241941893,0.799465775558262,7.06938237284243,8.59938000485629,6.37409197251092,1.37815157671737,-8.19257855010164,-21.8211595924296,-38.1336990882205
-6.91741008854804,-3.65835337793652,1.83371040789909,5.24133696906499,4.94005087964486,6.59933705861978,7.12499450413467,3.42282221433442,1.16230510820013,-1.28103224018454,-8.22463413071337
291.572144547441,145.679140842015,34.462615747048,-45.3708166670649,-95.0603210864394,-110.281162653295,-93.3936261414578,-46.7579963247513,33.9504616546039,147.492583110492,290.57498211331
-402.547319348997,-202.334221063211,-48.3685851470426,61.9127795051856,129.474295518036,150.950088937217,128.177132734757,62.992399882682,-47.9699835732976,-203.74559500862,-401.771243317608
-40.6156133762954,-20.8032956761494,-6.58659023637181,3.77604844942423,10.9398918061208,12.6180160662423,10.0585419874254,4.5095903273072,-6.31576268158812,-21.7622456143784,-40.0883129646769
-162.276861221403,-86.5964865653492,-32.0504628102559,7.66309714007976,34.9153323238457,41.4308716253287,31.7261150284562,10.3174625171554,-31.0704570242869,-90.0665045576826,-160.368792986829
274.605475335807,147.417835034645,48.1115082433644,-22.7549161383853,-64.9712642490229,-79.2710513634416,-65.2539512208108,-22.5196375603001,48.1983743431973,147.110258351262,274.774603363545
-4.73525723337384,-0.56330908323505,-1.08621514744524,-0.803217868080654,2.35538993718193,1.16624651741333,-0.42839702594006,1.51371040856813,-0.230792929991277,-3.59219985929505,-3.06975282141943
-55.3505300408052,-26.9526626687973,-7.45043793635381,6.93013945526509,17.609067586979,19.6304957414928,15.6991490346913,8.51975258245955,-6.86354433249767,-29.0307436292607,-54.2078500090899
347.107067250007,172.346718654079,37.6115987596289,-58.8350502849168,-117.646698508278,-136.542709088421,-116.76777159423,-59.5665755945908,37.3415157325315,173.303032358417,346.581216431491
53.1190227069702,30.5863738803102,9.45351455939888,-5.01281241369558,-10.8309498994078,-14.9169614393083,-13.4963082445953,-2.79445152646694,10.2725451735062,27.6863389948895,54.7136727797512
15.8776279400064,6.87845348212182,5.85298497436763,4.07960422348216,-1.72327237533686,-0.102785356820864,2.69050641205139,0.406044064301147,4.49668706519696,11.6808518099366,13.2369201052583
90.1151106745022,44.7113973445748,10.031770890723,-14.8499253337104,-30.2821657058193,-35.0487605596558,-29.8134624823771,-15.2400240611402,9.88774437000276,45.2213684339578,89.8346914840679
-83.3407057153819,-38.4984634205414,-3.70057074480025,21.1689029062564,36.1535774125062,41.1012176294908,36.094908024888,21.2177330663754,-3.68254239050523,-38.5622984658763,-83.3056045653229
153.201259567371,81.6674805134827,23.7445126944503,-17.2307906920713,-40.0029100277711,-48.9536595450703,-41.6916025999612,-15.8253025484361,24.2634263770839,79.8301037949096,154.211582902696
-34.2777675818882,-9.91332873580239,5.04104539839298,16.4189683436313,26.4153871922311,27.3698478435455,23.4631506862536,18.8760961090344,5.94823001124123,-13.1255005148076,-32.5114819461785
-109.980921538758,-57.1458597015715,-19.1477509337015,8.53317904781822,27.5975340593583,32.1101380211474,25.310196616709,10.4369155295669,-18.4448813200504,-59.6345901157722,-108.612436574632
153.675799252594,71.9350688262251,6.27467358368542,-40.2624408023444,-66.531339939129,-76.5278911505306,-68.0712937371098,-38.9807469994275,6.7478817386543,70.2595268698709,154.597134066903
-174.543461173387,-93.0711317900283,-29.4211020926308,15.9939531340918,43.0187614650431,52.1952299419505,43.2276051876755,15.8201338250793,-29.4852771041106,-92.8439000249905,-174.668409722274
-58.6949734766513,-25.2365763042776,1.01085404133586,19.7199478165101,30.7675293490522,34.5834867152863,30.9332024613421,19.5820591333493,0.959944807631909,-25.0563161880029,-58.794093597234
-101.668434456144,-49.7903574283852,-11.2027216886749,16.6668863780011,34.7863594443953,39.7777129477269,33.4845293946561,17.7503912918431,-10.8026859234929,-51.2068095785995,-100.889566058462
26.4249665728247,19.1163667130354,15.0023824838585,11.7901781259188,8.61705453112154,8.49386646829324,9.77739767082859,10.8244318721223,14.6458238410008,20.3788744693695,25.7307479978531
84.8327879430296,45.2473853844345,15.710961806718,-5.60467359027522,-19.38739326591,-23.2364945242058,-18.4621945706428,-6.37471061070113,15.4266600515997,46.254044956895,84.2792533050292
152.036788720182,79.6422789305444,24.8206734632506,-14.5964067576291,-39.4248329462306,-46.8171815770394,-38.3274740208252,-15.5097316483576,24.483469065878,80.8362569077456,151.380252801316
-71.6535399555454,-36.7493867142316,-7.30704224408155,13.3233756531705,23.8813564382281,28.7661328595505,25.5767618734225,11.9123004361286,-7.82801870387177,-34.9047060858752,-72.6678795116157
-17.852247965584,-5.0738819502406,3.47090191469269,9.81720295923545,14.7307447506835,15.5391210786177,13.700835156612,10.6743901982402,3.78737999308332,-6.19447189156293,-17.2360661256789
-123.194900611261,-64.6535898243451,-20.4971400234399,11.2828828248438,31.4421692413762,37.3433287534306,30.4257542440663,12.1288385963429,-20.1848086624664,-65.7594970114914,-122.586792417343
160.218165106948,76.7307291328233,12.0251350752213,-34.2330614982454,-62.1696981720385,-71.345596688386,-62.0004447481302,-34.3739300521138,11.9731256574356,76.914884796056,160.11690293136
253.277387751578,126.343749478888,26.3763813814402,-44.8126113364703,-86.5414085588029,-101.189590058622,-87.4584667622238,-44.049349595904,26.6581816672727,125.345947143347,253.826052036615
427.870388741676,212.728156576562,42.9251784192654,-77.9322622362612,-148.487270313234,-173.475464493066,-150.312314385814,-76.4132896015349,43.4859911783591,210.742423030651,428.962289449295
-318.388982808911,-157.397216140084,-34.0807983398402,54.3333128688577,108.888498412588,125.943316670496,107.485135537982,55.5013229104485,-33.6495628329598,-158.924140765665,-317.549368610629
115.638600261472,56.9342476408671,8.89814589122868,-24.9991537810243,-43.451826735757,-51.0172537655429,-45.2081803109766,-23.5373518126525,9.43785093685566,55.0232525776829,116.689404316248
-333.725947919258,-174.099848226462,-51.0866767250089,36.9785908105557,90.7224340172403,107.958413631387,89.8798095817349,37.6799017970215,-50.8277489864105,-175.016663131552,-333.221816412951
12.767778942787,11.2386563750257,7.38162538546811,5.09143133547903,5.83350555208094,4.49343345207398,3.86247860761407,6.73190459085716,7.98729681860337,9.09408661787516,13.9470193500375
-185.440651635406,-89.1880786378129,-22.0824933738464,27.2017556093024,62.9260417514793,70.2179994471998,57.1944310540078,31.9721389294474,-20.3212425319661,-95.4243398903868,-182.011501693006
129.745011575522,70.3927497296075,27.4729769204409,-3.74908789337132,-25.0549466640438,-30.2270855467493,-22.658800024699,-5.74338558110412,26.7366716288627,72.9998696529867,128.311427449874
133.036292071298,63.4525165190606,12.7532861823228,-24.0566164470982,-48.8566847744442,-55.0874108217277,-46.3287381723974,-26.160610409902,11.9764804437461,66.2030409833051,131.523853700592
-36.4972426827653,-9.84376217552037,9.26614377045903,23.1984497156327,32.8433738689314,35.094018686929,31.6460171290405,24.1950021546807,9.63407622042363,-11.1465424648,-35.7808793405305
-23.665005620497,-11.2322254862894,-3.91792646350446,1.71702477036916,6.96663160733985,7.3147698887651,5.22617778678295,3.16559347353144,-3.38310720963192,-13.1259208706988,-22.6237141871577
146.23356129536,74.8183022565059,21.5647788352911,-16.8727590571464,-41.7531785706962,-48.6829824523769,-40.0599835187125,-18.281994586227,21.0444815980609,76.6605778842616,145.220544183513
-13.2560087031622,-13.7711610140996,-14.5885982520279,-15.0998642803631,-15.0760222621776,-15.3160710149685,-15.3839457150508,-14.8435815387394,-14.4939773035314,-14.1061961724991,-13.0717820090587
-194.558612713341,-97.6346160162595,-26.3861338886545,25.2264523992171,59.4756011645623,68.4303409978561,56.4191109075308,27.7703499020187,-25.4469134282052,-100.960220765934,-192.729953381424
-35.688914606331,-19.7309337410437,-7.92293671958383,0.616548322194522,6.21918272893843,7.72745499774229,5.7730932843612,0.987825744550294,-7.78585912459606,-20.2162999784308,-35.4220249528079
244.775094159529,116.387831982081,20.1860597585903,-49.1663446119086,-93.6771428098438,-106.339165390548,-90.9766734686894,-51.4139281589365,19.3562399833781,119.326069277826,243.159437623443
233.937795948662,109.524465624036,13.7441784911047,-54.8420517182401,-96.7756559220136,-110.167018324627,-96.0474232793118,-55.4481551393016,13.5204018909932,110.316816893557,233.502103600283
227.354738487083,114.102592698438,25.8530645549739,-37.1536453526177,-74.8271594931482,-87.482899104707,-74.9487186176614,-37.0524724623785,25.8904181230523,113.97033066982,227.427465768614
28.5397895533465,15.9271586534201,4.94710930186093,-2.69188053395647,-6.34698137415027,-8.26169409507918,-7.21159659165018,-1.97226675877026,5.21279452720186,14.986416746148,29.0570778654428
-85.0087655206449,-35.2531883744244,3.95183819826576,31.8672195112142,48.2148648533943,53.9653220503511,48.5889009984747,31.5559115941552,3.83690166293771,-34.8462195062045,-85.2325465994826
426.204594338412,223.312908993256,65.9350336941924,-46.5520954936823,-114.382911716627,-136.739233815344,-114.067595645902,-46.8145310643713,65.8381410885472,223.655987666594,426.015944734865
-98.7061180173564,-43.7454448274894,2.71817724439349,35.2589197097731,51.8352680909633,59.5721904597918,54.5811354467638,32.9735516823842,1.87440723848073,-40.7578123626326,-100.348935609475
15.1110940593567,3.81628136014684,-4.98868293677458,-11.2744391438233,-15.0299404268816,-16.2937406836777,-15.044798583177,-11.2620727943448,-4.98411721490943,3.8001149892469,15.1199835057084
-71.9482287813063,-35.3401176438417,-4.25514930546358,17.4932802685379,28.4703481587206,33.6836443682369,30.4002063394551,15.8870715147433,-4.84817010274621,-33.2403414324554,-73.1028384396744
406.211729306202,204.72715134078,44.7994445665349,-68.8740112082659,-134.525786565966,-158.324281636789,-136.903005436892,-66.8954669824334,45.5299335963639,202.140625717156,407.633989188211
-42.431838740033,-15.2931107712178,3.73475714835343,17.6885205259844,27.710784651627,29.8138108643063,26.1739635315534,18.9676070208993,4.20700267136897,-16.9652442270856,-41.5123781671605
186.978517900339,95.2164873500505,21.3980791408972,-30.9028210011189,-60.3415079371113,-71.6110569723544,-62.1501563617997,-29.3974943603988,21.953853726574,93.2485930380051,188.060609299896
230.794528255833,116.826294173402,29.2953325357844,-33.4203656190018,-71.9310950663686,-84.1069023640356,-71.1102395105862,-34.1035585046039,29.0430940961915,117.719423516388,230.303420794004
76.8587174031848,46.9349495675372,20.4345134453286,2.06780436282274,-6.39285106211214,-11.1329443864479,-8.7766567402072,4.05183074658748,21.1670265169642,44.3412571887913,78.2849180883323
-46.3406854087141,-16.3496826013856,5.23311269763783,20.9531932244833,31.7683224404624,34.3358671402776,30.4801163308612,22.0253590191457,5.62896199983333,-17.7513112657641,-45.5699680415197
20.0825356479954,9.5654022031523,-0.422689316591754,-7.24199339946809,-9.89928316941799,-11.860960583101,-11.2351880996464,-6.13012817818356,-0.0121827753720795,8.11187498484682,20.8817906142418
18.5172933019858,12.1600837320718,7.82354237613338,4.62008146299993,2.21573848558221,1.77605609675195,2.66492302789169,4.246228010384,7.6855136971006,12.6488175809523,18.2485518907683
-362.137050960921,-185.696085704299,-45.1479067558349,54.6658074664349,111.923333956036,132.982559663423,114.37357851196,52.6264844250058,-45.9008356469819,-183.030104710478,-363.60300118352
319.707162919328,167.024257848682,48.9713314419243,-35.474234313713,-86.6972082111652,-103.354731605702,-86.1796884582556,-35.9049627297609,48.8123042245133,167.587343611631,319.397537418827
94.0215075219811,46.6228405130721,7.6892431180761,-19.7601422342858,-34.5893373258536,-40.7629520690959,-36.1172449357383,-18.4884743975062,8.15874963313158,44.9604053743353,94.9356352548258
60.952608795731,28.3847789567069,0.232177199360113,-19.3851009997196,-28.9168344010102,-33.773357810652,-31.0019050396946,-17.6497098991879,0.87289280472786,26.1161243115748,62.2000800979426
97.731229415222,53.0385665991444,18.3923540710543,-6.37493443081943,-21.3263320984623,-26.2418505432188,-21.2415515171355,-6.44549677225898,18.3663020800663,53.1308118478547,97.6805062693353
-292.885633736698,-147.861918349073,-33.6783583302724,47.6395948468193,95.329847703852,112.052137294048,96.3548747742656,46.7864713013637,-33.9933360714355,-146.746640822482,-293.498894424661
64.623577467281,35.6052577014012,9.18094717043468,-9.02194294919782,-16.8860509655696,-21.8010547949442,-19.7339339533375,-6.6516679567657,10.0560652785078,32.5066274444096,66.3274297173606
-68.7850811348613,-36.7919711628004,-9.7410251885781,9.20342388766528,18.8507686883607,23.3562771011387,20.4521533306815,7.87060158167134,-10.2331102582612,-35.0495895666851,-69.7431692437409
199.594531795047,90.7327281389004,9.64657058015781,-48.8966205817556,-86.8656859374375,-97.3892922194272,-84.2175660413568,-51.1006340168586,8.83283712152821,93.6140067832059,198.010195267599
-31.4888326111262,-11.5182949809806,4.8927954069815,16.4619398217038,22.7065871223594,25.3108603014592,23.3556255884507,15.9217492127811,4.69335416696144,-10.8121106898352,-31.8771440886651
90.5060455130309,36.0521291274978,-6.71774942132669,-37.1950328906757,-55.1507464015536,-61.3840215398129,-55.4587210215744,-36.9387075629588,-6.62311274981852,35.7170382968419,90.6903028197895
322.440906221866,161.314627456046,36.6353408885789,-52.5330081497313,-106.542618251803,-124.164302087882,-106.068905902651,-52.9272759407973,36.4897751274359,161.83004870913,322.157490135088
7.30058943347262,6.66350978215044,6.87828174417903,6.90792987086914,6.3622832609504,6.60305413566488,6.88706892996801,6.47115407881524,6.71702180344863,7.23450120259781,6.98661682757355
-96.6472372846744,-56.3123714103422,-22.2640883664459,1.58971627808247,13.7786633179031,19.4344356316016,15.7563452323449,-0.056295866700439,-22.8718047869486,-54.1605607337395,-97.830459276005
61.1463530153089,22.5439867690347,-3.99629314864026,-23.5606576864831,-38.0628222613865,-40.8238426910006,-35.4888465443524,-25.702961390469,-4.78724304700054,25.3445930691604,59.6063760092465
89.8969336841782,51.7042076724713,19.7753198571522,-2.64361265099171,-14.3312104641009,-19.5501370299262,-15.9739839182338,-1.27634269878966,20.2801231806554,49.9167931079606,90.8797841939138
220.011178094587,112.53053304802,27.135651420878,-33.5472615996096,-68.5300738005569,-81.2614065581584,-69.8591263329958,-32.4410995856508,27.5440523076818,111.084461559888,220.806333358198
90.9300926711082,48.5239406218198,13.9897430720957,-10.4071807235572,-23.8144849778655,-29.2068909513724,-24.960902746982,-9.45302446759863,14.3420226262346,47.276584321791,91.6159798735776
-155.173715160673,-78.9173494338459,-16.9178080880557,26.8990354450204,51.0560376350827,60.7084891283293,53.0428176672672,25.2454509944032,-17.5283202440644,-76.7556395784355,-156.362380440388
207.433976530311,104.072815447176,28.9546154296621,-25.620162365426,-62.5485354264131,-71.7197955837275,-58.6520037890817,-28.8632209941886,27.7572609705237,108.312424616731,205.102731101236
87.5970423435181,50.520313475789,21.8229605266995,1.30043945989334,-11.1242111716102,-15.1823928060607,-11.0206968800246,1.21428516993179,21.7911519055588,50.6329418798758,87.5351110565266
314.534684603147,155.330090078779,29.9106619139604,-59.3969660017916,-111.717377724206,-130.105810294544,-112.894825197831,-58.4169839190929,30.2724765004092,154.048972004946,315.239136484036
-50.5463104915432,-26.7425369461847,-6.72928093058289,7.30467639926028,14.5357873717,17.8382666593397,15.6434712467016,6.38275811830794,-7.06965805323783,-25.5373249395806,-51.2090236967221
-243.770261990757,-123.51422602995,-29.5588085754534,37.478509045098,77.365394189282,90.9126971730744,77.6778850510842,37.2184248779203,-29.6548330304415,-123.174221316423,-243.95722130766
27.7075482578315,8.87104942983624,-2.16519106644752,-10.6779954869589,-18.6528134371306,-19.1603455161742,-15.9823541689094,-12.9006018401554,-2.98578912912411,11.7766343587519,26.1098463675335
33.1763743378632,13.9434337688125,-1.64348253206139,-12.6675766443542,-18.7838954919451,-21.1963392580083,-19.2478625131716,-12.281419828063,-1.50091138585631,13.438615889569,33.4539599186173
94.1649713231054,54.6442579128953,21.2315371423629,-2.16870088331645,-14.087358293732,-19.6516460567582,-16.0633167936242,-0.524123125559276,21.8387239795622,52.4943223921509,95.3471622173822
-152.412588548757,-84.2285761066782,-31.5737096866491,6.10262343121103,29.0075960024757,36.4181667335626,28.7289455629329,6.33454242904742,-31.488083961676,-84.5317608536639,-152.245875527035
81.3755597918469,47.1923281284166,21.5322732038318,3.04215697929794,-8.78718795690822,-12.1787467506692,-8.10235021033819,2.47217085573155,21.3218313016576,47.9374637157165,80.965830059114
-49.6445843595714,-29.5416151042394,-13.371958725112,-1.91525184284888,4.53516058117148,7.00306432299811,4.92971391999995,-2.24363609045404,-13.4931999323149,-29.112322566961,-49.880640615052
127.99978201648,59.5685828665835,8.85361228727891,-27.808591690908,-51.7964380362957,-58.2992237161424,-49.9424574594161,-29.3516479950846,8.28390770959371,61.5858006863004,126.890568965562
-17.1749413398309,-7.87373612972326,-3.48290438163792,0.148850887524464,4.58349075156196,4.36970790803358,2.48262986105556,1.89738411474416,-2.83733663334161,-10.1595713094037,-15.9180229303428
-147.737683387771,-83.3656134488394,-32.1708405719249,4.20037762451043,25.1286226002011,32.7756901056691,25.9617497554985,3.50697116427335,-32.4268499174843,-82.4591320300402,-148.236132791856
-102.93025983091,-51.3723578445331,-16.5560066261489,9.23355279664575,28.8990646162531,32.3098342343219,24.9948304767082,12.4830221692676,-15.3562852863509,-55.620347697745,-100.594406092511
-390.968819459429,-200.209030338594,-50.5202525620516,56.1702941558809,119.137476878033,140.912038874482,120.112791470486,55.3585459913054,-50.8199542929829,-199.147842319549,-391.552337802712
225.984504788916,108.32393114618,18.8455562449097,-45.4222219278848,-85.5974941014387,-97.7780784228756,-84.093645430372,-46.6738656621049,18.3834427348024,109.960189031114,225.084771213842
263.426679163118,140.701799586846,43.2963657743861,-25.9386928147877,-65.9306895340755,-80.4233441521285,-67.3734690382604,-24.7378765617846,43.7397135086476,139.131987819636,264.289875830654
-91.939633081382,-49.0223407735986,-13.3937637983523,11.6634431558067,24.9141531241944,30.6690091535358,26.5754172737577,10.2807835147868,-13.9042490766519,-47.2148074652422,-92.9335463395346
-103.991405450254,-45.0117126127358,0.513915402595167,33.0927644177002,52.9157050714227,59.3165911167125,52.6589812215017,33.3064340537218,0.592803366322981,-45.2910402018514,-103.83781082884
-264.31034952616,-130.612923469643,-25.6314767293187,49.1819767178764,93.2811041668102,108.572628848304,94.0159297861363,48.5703860040836,-25.857279267032,-129.813398732343,-264.749986368785
-156.709086563819,-75.7253817380413,-13.0111748461185,31.8322760718525,58.9550010962041,67.8333891803987,58.7532084052994,32.0002268517692,-12.9491665267296,-75.9449416498645,-156.588356557732
96.8815558028649,55.1649103407713,23.4402727707563,0.654076879909735,-13.5900906502887,-17.9087313099942,-13.0569088371656,0.210313030238422,23.2764328020626,55.7450371597864,96.5625598905001
167.478131926396,83.333771705506,15.4720331685506,-32.5796464304714,-59.4940385884097,-69.9032244451853,-61.2791806779329,-31.093883963787,16.0205845573313,81.3914533885723,168.546159783935
204.158686011531,97.4038500239717,16.5458194968163,-41.588633368924,-78.1934627327548,-89.1017203027661,-76.58757661892,-42.9252022211786,16.0523511823679,99.1511294322141,203.197904729371
40.4279882869535,21.7536185387308,4.65956096585878,-7.10275666783738,-12.121827509893,-15.3238675469689,-14.0203252335361,-5.52264902406532,5.24294509478248,19.687963975472,41.5638353818285
198.416518125414,94.8047146540895,14.1777023877847,-43.4060415632044,-77.9245146848774,-89.4545066407251,-77.9541083936656,-43.3814109066166,14.1867961569307,94.7725153109769,198.434223665818
-158.327663510198,-89.5071830618394,-37.9991207484088,-0.855856623542815,23.0316765838583,29.7927892546592,21.5399645982784,0.385685824134257,-37.5407366869085,-91.1302356637504,-157.435191160028
-168.238323115642,-81.1027529269674,-12.4645512263969,36.4118260609424,65.0506165546131,75.1122501988767,65.6905240369454,35.8792351120315,-12.6611866316034,-80.4065035743968,-168.621171641476
24.1200761532301,22.25031534727,19.4324333664799,17.6572612066124,17.6738660947379,16.8679731212908,16.6663595261613,18.4958025492396,19.7420272809598,21.1541009483926,24.7228545472906
-34.2683851542572,-21.7546313300893,-12.4680773782608,-5.7570488447498,-1.3763476302358,-0.181725015459903,-1.70614272303945,-5.48256247559178,-12.366735553858,-22.1134638585176,-34.0710729355487
216.564147420813,111.610631206607,32.2110323823342,-24.8916859595743,-60.9230118741178,-71.6059424990998,-59.274712201533,-26.26355534843,31.7045309224058,113.404058555975,215.577990644709
-302.380604505271,-160.396635038843,-49.3654082717113,29.8381961583185,76.8849972882664,92.9238499887296,77.3277505825862,29.4696953927145,-49.5014607102884,-159.914898689402,-302.645498182433
2.93172700459522,0.962278010976792,-4.98356070424409,-8.46147572286361,-7.04673888219706,-9.20174950922428,-10.3080343475873,-5.74712014092822,-3.98140621622682,-2.58616441079842,4.88291869356081
-57.2058913384938,-31.7178546132603,-14.8771443875811,-2.32824589761223,7.56764062095464,9.09103772897329,5.36343054814228,-0.49369579983981,-14.1998187541192,-34.1161385503876,-55.887140424801
1.78775016218014,7.265535789273,3.52394404640794,2.2456800555265,7.82646176006287,4.92505580504822,1.91415570585191,7.16645497784332,5.3407202660536,0.832669513916952,5.32500784337492
67.8609331344631,25.8447442951161,-4.56454339038436,-26.6809876378287,-41.7515310700787,-45.4242935156246,-40.0743746844166,-28.0768742864049,-5.07991215007968,27.6695691016972,66.8575117531354
-91.9920616314646,-49.7643609304997,-12.107915128894,13.9509747643327,25.7686027667951,32.5716096501739,29.3244266586707,10.9914850364871,-13.2005744446962,-45.8954577672644,-94.1194659402375
198.028043625782,98.4469785363798,15.9623448564162,-42.0783432518504,-72.9105206037677,-86.1826314736374,-76.6289019214076,-38.9835580070267,17.1049559952038,94.4012052699362,200.252703979429
-6.59369953812281,-0.772202415812432,6.51356588436799,11.2371372313548,11.8835184769308,13.7400969642021,13.9212068085198,9.54118212523522,5.88741025745426,1.44489805695981,-7.81282260731177
47.0108564694264,22.4947124465558,4.85035670058577,-8.000832879379,-16.8409556800055,-18.9404532191446,-15.7890203651629,-8.87635198642697,4.52711039921232,23.639267405088,46.3814969203048
217.875940657217,108.408533053207,27.996329269018,-30.2649699371249,-68.9731663369113,-79.0618267100361,-65.4790842916012,-33.1730723167089,26.9226424349461,112.210258191674,215.7854757117
-10.1144145440608,-6.52866857777986,-5.07227512975448,-3.79981295125235,-1.97930062176072,-2.1653828951272,-2.96382652623369,-2.98039826996207,-4.76974288015998,-7.59987893631463,-9.52538518969375
-1.31031154472446,6.66339551214862,9.6078537172391,12.2785994872412,16.4649441622365,15.922118817985,14.0582937799858,14.2816393737384,10.3473866750027,4.04484702386014,0.129556837005077
106.513602536787,52.6354176660636,11.8252375275864,-17.515699307339,-35.9889405304527,-41.4950603751602,-35.1798499323892,-18.1891002930673,11.5766143094001,53.5157461832727,106.029533899856
-337.471202931733,-171.77541140049,-45.2931104767134,45.468212846378,101.822646524557,119.183970459563,100.055178666824,46.9392651617669,-44.7499901538691,-173.698499324311,-336.413749342777
113.689501884332,51.3800361678696,2.27148804646201,-32.6935503166261,-53.160420540296,-60.3668947145104,-53.6374413411594,-32.2965289221331,2.41807045260585,50.8610151641561,113.974897375782
-60.9245203655394,-28.7964398460242,-3.73708423211822,14.1501106906604,24.8262263213841,28.4270901508886,24.8785724188468,14.106543364931,-3.75316952002271,-28.739484836942,-60.955838371345
-214.781844936727,-108.192767895754,-26.4473639665318,32.1438452795005,68.2165405828861,79.5521704566025,67.3615405261889,32.8554564171848,-26.1846333574327,-109.12304805712,-214.270309253316
128.946844228536,62.8591438602971,15.5027165475393,-19.0281328577431,-42.9554727771676,-48.5241945742342,-39.966757679643,-21.5156215240942,14.5843225289124,66.111006057759,127.158733914441
170.088283807379,85.8753341935848,23.6743503889195,-21.3295703127335,-50.948076326724,-58.8584414329688,-48.5113822458007,-23.3576153795523,22.9255853858595,88.5265716350848,168.630440662007
-64.3793963322426,-25.9881526730956,2.04498085893232,22.3869397220568,36.041181242753,39.5055987787599,34.6915162044577,23.5102573942266,2.45971570580576,-27.4566515343299,-63.5719088679646
-115.340397679094,-55.7447137487395,-11.2697907307174,20.8251119330022,41.571221370339,47.3695132091721,40.1842055358102,21.9795164365621,-10.8435784606931,-57.2538520280357,-114.510563707436
218.765372502977,116.435348019409,40.6179794512009,-14.1946384859558,-50.0749023677047,-59.7900643516872,-47.287498130541,-16.5145773969033,39.7614456915841,119.468174559277,217.097703921869
-411.762048218714,-206.581000784637,-46.3264791139994,68.0244226283745,136.104064387557,159.195524820064,136.598545732924,67.6128689331627,-46.4784269227027,-206.042981889601,-412.057890132354
-57.8161403188649,-26.6183122892973,-4.55600454019862,11.5865845647196,23.0194279561793,25.5196711830369,21.3919963566553,12.9410855883971,-4.05591557288115,-28.3890341964575,-56.8424686460435
142.091373897609,68.3430761775326,11.9025416297927,-28.572298434546,-53.5864088635814,-61.3774419201713,-52.9072236276332,-29.1375800092848,11.6938366720163,69.0820615681721,141.685025990247
-68.791643920719,-36.5839521864996,-9.10436537028748,10.1006489171656,19.6967018378573,24.3408643898564,21.4914746843217,8.60687083241185,-9.65587616780443,-34.6311551543293,-69.8654337379147
-207.938295952236,-109.531305995366,-30.6482196588549,25.2883633201171,56.9906604527446,68.9530846939619,58.7227470659096,23.8467585907286,-31.180467776647,-107.646714525023,-208.974581391578
-42.4968445852371,-25.1784826033573,-11.1305810046473,-1.19708877007062,4.30445106215987,6.48227653464753,4.73155117446397,-1.55256149131918,-11.2618234200986,-24.713777650087,-42.7523731622482
-38.758112713294,-19.4189178914779,-2.87360103399658,8.68247089785365,14.4232722667339,17.2316659457114,15.5342890424728,7.75777866470456,-3.21500231452605,-18.2100795325579,-39.4228199506873
